Unnamed: 0,"The 8th Annual Conference of 
East Asian Society for the Scientific Study of Religion (EASSSR)",Unnamed: 2,Unnamed: 3,Unnamed: 4,Unnamed: 5
,DAY 1,,,,
,2026-07-01 00:00:00,,,,
,Date,Time,Room,Programme,sort
,2026-07-01 00:00:00,09:30-09:35,,"Opening Ceremony

David A. Palmer
President, EASSSR
Venerable Ru Chang
Director, Fo Guang Shan Buddha Museum",1
,2026-07-01 00:00:00,09:35-10:35,,"Presidential Address

David A. Palmer 
President, EASSSR",2
,2026-07-01 00:00:00,10:35-10:45,,BREAK,3
,2026-07-01 00:00:00,10:45-12:00,,"Keynote Speech
Architects of Buddhist Leisure: Monuments, Museums, and Amusement Parks 
in the Practice of Modern Buddhism

McDaniel, Justin
Department of Religious Studies, University of Pennsylvania",4
,2026-07-01 00:00:00,12:00-13:30,,LUNCH,5
,2026-07-01 00:00:00,13:30-15:00,Room A,Digitalized Environmental and Peace Movements of SGI,6
,2026-07-01 00:00:00,13:30-15:00,Room A,"82*The Future We Make: Climate Change Governance for the Common Good of 
Humankind through Makiguchi Tsunesaburo's Concept of Humanitarian Competition

Jeong, Jiyun Sookmyung Women's University",7
,2026-07-01 00:00:00,13:30-15:00,Room A,"54*Weaving Faith into Citizenship: Digital Resources and Face-to-Face Community 
in SGI-Korea’s Peace Practice

Lee, Suhyun IRCC, Kyung Hee University",8
,2026-07-01 00:00:00,13:30-15:00,Room A,"87*Religion as a Buffer against Social Atomization: Soka Gakkai and the Ethics of 
Rebuilding Social Relations

Yeo, Youngyun Korea University",9
,2026-07-01 00:00:00,13:30-15:00,Room A,"73*Living the ""Buddhist"" Dharma and the Question of the Animal 
in the Age of the Anthropocene

Fisker-Nielsen, Anne Mette Soka University",10
,2026-07-01 00:00:00,13:30-15:00,Room B,Religion and Arts,11
"14
1
12 11",2026-07-01 00:00:00,13:30-15:00,Room B,"99*A Study on the Symbolic Representation and Doctrinal Innovation of the Wood-carved 
Hubaul Taenghwa at Hanmaum Seonwon

Bae, Jiyoung Dongguk University WISE",12
,2026-07-01 00:00:00,13:30-15:00,Room B,"25*Between Temple and Museum: Religious Publicness and Sacred-Secular Compatibility 
in the Fo Guang Shan Buddha Museum

Chen, Teng-Hsiang Fo Guang Shan Institute of Humanistic Buddhism",13
,2026-07-01 00:00:00,13:30-15:00,Room B,"94*Song Singing, Love, and Virtue: State Led Confucian Moral and Affective Formation 
in Chinese Music Education

Ho, Wai Chung Hong Kong Baptist University",14
,2026-07-01 00:00:00,13:30-15:00,Room B,"17*The Monastic Influencers: Art, Digital Space, and the Tiantai Diaspora

Cho, Yasmin The University Of Chicago",15
,2026-07-01 00:00:00,13:30-15:00,Room C,Religion and Social Welfare,16
,2026-07-01 00:00:00,13:30-15:00,Room C,"65*At the Intersection of Religious Salvation and Public Welfare Foster Care and Children's 
Freedom of Religion: The Case of Tenrikyo

Aoki, Shigeru Institute Of Science Tokyo",17
,2026-07-01 00:00:00,13:30-15:00,Room C,"108*Religion and Welfare: Why There is No Confucian Welfare State?

Laliberte, Andre University Of Ottawa",18
,2026-07-01 00:00:00,13:30-15:00,Room C,"67*Grief Care and Activities of Religious Practitioners

Miyajima, Shunichi Hokkaido University",19
,2026-07-01 00:00:00,13:30-15:00,Room C,"75*Characteristics of Forest Protection Activities by Religions in Contemporary Japan

Takahashi, Norihito Toyo University",20
,2026-07-01 00:00:00,13:30-15:00,Room D,Religious Resilience and Innovation in the Digital Age I,21
,2026-07-01 00:00:00,13:30-15:00,Room D,"37*A Study of Master Hsing Yun's Humanistic Buddhism in the Digital Age : A Case Study 
of the ""Buddhist Maritime Silk Road - New Media Art Exhibition"" at the Buddha Museum

Shi, Miaolin Fo Guang Shan Buddha Memorial Center",22
,2026-07-01 00:00:00,13:30-15:00,Room D,"38*Mapping Buddhist Knowledge: The Fo Guang Dictionary of Buddhism as a Dataset 
for the Scientific Study of Religion

Shih, Miao Guang Fo Guang Shan Institute Of Humanistic Buddhism",23
,2026-07-01 00:00:00,13:30-15:00,Room D,"18*From Balance to Resolution: Zhong (中) and Haewon-Sangsaeng in 
Digital-Networked Society

Ha, Jeeyoung Daejin University",24
,2026-07-01 00:00:00,13:30-15:00,Room D,"100*Organizational Design and East Asian Religions in the Era of AI

Irons, Edward Hong Kong Institute for Culture, Commerce And Religion",25
,2026-07-01 00:00:00,15:00-15:20,,BREAK,26
,2026-07-01 00:00:00,15:20-16:30,Room A,New Religion in the Modern World,27
,2026-07-01 00:00:00,15:20-16:30,Room A,"22*(Re)Making Miracles: Agency and the Reconfiguration of Religious Experience 
within and beyond a Korean Christian New Religion

Bak, Jongseok Korea University",28
,2026-07-01 00:00:00,15:20-16:30,Room A,"9*Becoming a Modern Buddhist Subject in Contemporary China

Rogers, Megan Duke Kunshan University
Gu, Yixin Duke Kunshan University",29
,2026-07-01 00:00:00,15:20-16:30,Room A,"107*The Face of Charismatic Leadership of Pentecostal Megachurch in Singapore

Tejedo, Joel Asia Pacific Theological Seminary
Tejedo, Carolyn Soliven",30
,2026-07-01 00:00:00,15:20-16:30,Room B,"Migration, Politics and Religion I",31
,2026-07-01 00:00:00,15:20-16:30,Room B,"117*Migration and Translocality in Rural Communities in Japan (1): 
A Case study of N Seaside Village in the Amami Islands

Tajima, Tadaastu Reitaku University",32
,2026-07-01 00:00:00,15:20-16:30,Room B,"52*Migration and Translocality in Rural Communities in Japan (2): 
A Case Study of S Mountain Village in Nagano-Prefecture

Fuyutsuki, Ritsu Reitaku University",33
,2026-07-01 00:00:00,15:20-16:30,Room B,"126*A Sociological Study of Challenges in Career Development among 
Second-Generation Muslim Migrants in Japan

Fukuda, Tomoko Chiba University",34
,2026-07-01 00:00:00,15:20-16:30,Room C,Religion and Social Theory I,35
,2026-07-01 00:00:00,15:20-16:30,Room C,"27*Who is My Neighbor - Moral Community Formation in Urban Chinese House Churches

Carnesecca, Cole Chung Yuan Christian University",36
,2026-07-01 00:00:00,15:20-16:30,Room C,"34*On the Social Quantum Hypothesis of Spirituality and Religion

Cheng, Chinchen National Chengchi University",37
,2026-07-01 00:00:00,15:20-16:30,Room C,"102*A Theology of Media and Communication: An Ode to the Ideas of 
Dissemination, Mediation, and Technology

Hong, Seung Min International Christian University",38
,2026-07-01 00:00:00,15:20-16:30,Room D,Religions in Southeast Asia I,39
,2026-07-01 00:00:00,15:20-16:30,Room D,"92*Relic Stūpas associated with the Chinese Zodiac in Northern Thailand

Bingenheimer, Marcus Temple University",40
,2026-07-01 00:00:00,15:20-16:30,Room D,"90*The Deity's Keeper: A Study of the Role of Chinese Mahayana Buddhism in 
Sustaining Chinese Folk Religions in Singapore and Malaysia

Sam, Li Ying Independent Researcher",41
,2026-07-01 00:00:00,15:20-16:30,Room D,"130*Merit, Virtue, and Power: Rethinking Buddhist ""Economy of Merit"" through 
Myanmar's Free Funeral Service Movement 

Shu, Mu-Lung National Yang Ming Chiao Tung University",42
,2026-07-01 00:00:00,16:30-16:45,,BREAK,43
,2026-07-01 00:00:00,16:45-17:10,,"Video Appreciation
AI in Religious Studies

Lancaster, Lewis R. 
University of California, Berkeley",44
,2026-07-01 00:00:00,17:10-18:20,,TOUR,45
,,,,,
,"The 8th Annual Conference of 
East Asian Society for the Scientific Study of Religion (EASSSR)",,,,
,DAY 2,,,,
,2026-07-02 00:00:00,,,,
,Date,Time,Room,Programme,
,2026-07-02 00:00:00,09:15-10:45,Room A,"Spirituality, Science, and Animal in the Digitalized Worlds",46
,2026-07-02 00:00:00,09:15-10:45,Room A,"101*Quantum Consciousness Theory and Its Implications for the Sociology of 
Spirituality/Religion: Focusing on the Orch-OR Theory

Song, Francis Jae-Ryong Kyung Hee University
Kim, Hyun Woo Chungbuk National University",47
,2026-07-02 00:00:00,09:15-10:45,Room A,"91*Imposing Spirituality on Non-Human Companions in the Hyper-connected Community

Yoo, Kwang Suk IRCC, Kyung Hee University
Suh, Dong-Uhn Kyung Hee University",48
,2026-07-02 00:00:00,09:15-10:45,Room A,"81*A Study on the Perceptions and Current Status of Companion Animals in 
Korean Protestantism: From the Perspective of Human-Nonhuman Reciprocity

Kim, Andrew Eungi Korea University
Kim, Jongman Kyung Hee University",49
,2026-07-02 00:00:00,09:15-10:45,Room A,"58*Posthuman Care Practices among People with Type 1 Diabetes Using DIY 
Artificial Pancreas Systems: Implications for the Sociology of Religion

Cha, Min Kyung Kyung Hee University
Jang, Woosung Kyung Hee University",50
,2026-07-02 00:00:00,09:15-10:45,Room B,"Migration, Politics and Religion II",51
,2026-07-02 00:00:00,09:15-10:45,Room B,"55*The Exodus of the Grey and the Black: A Comparative Study of the Survival Strategies 
of Two Out-migrating Churches from China

Gao, Mingui Purdue University",52
,2026-07-02 00:00:00,09:15-10:45,Room B,"10*The Contraction of Religion's Interstitial Social Space in China: 
The Case of a Jiangnan Three-Self Church, 2015-2026

Rogers, Megan Duke Kunshan University
Tian, Zhenyu Duke Kunshan University
Lou, Haozhe Duke Kunshan University",53
,2026-07-02 00:00:00,09:15-10:45,Room B,"2*Transnational Religious Networks of Mongolia and the Mongolian Diaspora 
in the United States

Takizawa, Katsuhiko Osaka University Of Economics",54
,2026-07-02 00:00:00,09:15-10:45,Room B,"122*Institutional Identity Structure and Its Construction Logic of 
Contemporary Chinese Buddhist Monastics

Weng, Kangjian Shantou University",55
,2026-07-02 00:00:00,09:15-10:45,Room C,Religion and Social Theory II,56
,2026-07-02 00:00:00,09:15-10:45,Room C,"62*The Ontological Status of the Sacred in the Age of AI: 
From ""Mind"" and ""Principle"" to Hyper-Reality

Linh, Trinh Ngoc Vietnam National University",57
,2026-07-02 00:00:00,09:15-10:45,Room C,"64*Abiding Nowhere: 
An Inquiry into the Diamond Sutra in the Perspective of Liquid Modernity

Liu, Yining Dharma Drum Institute Of Liberal Arts",58
,2026-07-02 00:00:00,09:15-10:45,Room C,"125*Rhizomatic Religion and Cosmovisiones

Oostveen, Daan F. University Of Humanistic Studies",59
,2026-07-02 00:00:00,09:15-10:45,Room C,"76*Unify by Mission: Evangelical Network Growth via Intragroup Tensions

Tsai, En-Ya University Of Notre Dame",60
,2026-07-02 00:00:00,09:15-10:45,Room D,Religions in Southeast Asia II,61
,2026-07-02 00:00:00,09:15-10:45,Room D,"109*An Overview of Cross-ethnic Religious Practices in Contemporary Indonesian Buddhism: 
A Case Study of the Sangha Agung Indonesia

Chiu, Tzu-Lung Nashua University",62
,2026-07-02 00:00:00,09:15-10:45,Room D,"70*Beyond Sinicization: From Datuk Gong to To Worship in Multi-Ethnic Southern Thailand

Lin, Yu-Sheng Academia Sinica",63
,2026-07-02 00:00:00,09:15-10:45,Room D,"71*Chris Maria: Goddess in Cross-Cultural Maritime Belief?

Xu, Mingqian Academia Sinica",64
,2026-07-02 00:00:00,09:15-10:45,Room D,"88*Beyond Guan Yin's Shadow: Zhao Cai Tong Zi (招财童子) and the Dynamics of 
Folk Buddhist Deity Centralization in Malaysia

Sam, Li Ying Independent Researcher",65
,2026-07-02 00:00:00,10:45-11:00,,BREAK,66
,2026-07-02 00:00:00,11:00-12:10,Room A,"Religion, Social Conflict and War",67
,2026-07-02 00:00:00,11:00-12:10,Room A,"5*Two Impeachments and the Development of Protestant Fundamentalism in Korea: 
Mobilizing Infrastructures and Justificatory Frames in the Park and Yoon Cases

Jang, Hyung Chull Induk University",68
,2026-07-02 00:00:00,11:00-12:10,Room A,"77*Why did the Monks Take Part in the Imjin War?: 
A Question of Corrupted Monks or Institutional Necessity

Kim, Sung-Eun Thomas Dongguk University",69
,2026-07-02 00:00:00,11:00-12:10,Room A,"85*The Unexamined Unification Church in Japan: 
The Trial of the Suspect in the Assassination of Former Prime Minister Shinzo Abe

Sakurai, Yoshihide Hokkaido University",70
,2026-07-02 00:00:00,11:00-12:10,Room B,"Ritual, Festival and Religion I",71
,2026-07-02 00:00:00,11:00-12:10,Room B,"127*Buddha's Birthday Celebrations and the Social Impact of Buddhist 
Organizations in Hong Kong: A Case Study of the Hong Kong Buddhist 
Association and Fo Guang Vihara Hong Kong

Wang, Bing Hong Kong Chu Hai College",72
,2026-07-02 00:00:00,11:00-12:10,Room B,"3*The Localization of Humanistic Buddhism in Latin America: 
The Global Outreach of Fo Guang Shan

Chi, Wei-Hsian Academia Sinica",73
,2026-07-02 00:00:00,11:00-12:10,Room B,"32*When Buddha Meets the Gods- A Religious Carnival of Human Connection
（世界神明聯誼會-人與人之間的宗教嘉年華）

Venerable Miaogon 妙功法師
Fo Guang Shan Buddha Musem Academic Development Committee (佛光山佛陀紀念館學術發展委員會)",74
,2026-07-02 00:00:00,11:00-12:10,Room C,Religion and Social Theory III,75
,2026-07-02 00:00:00,11:00-12:10,Room C,"12*Latent and Syncretic Patterns of Religiosity in Contemporary Urban China

Yang, Xiaozhao Sun Yat-Sen University",76
,2026-07-02 00:00:00,11:00-12:10,Room C,"106*The Sacred and the Social: Examining Religion via Social Theory

Younas, Albert University Of Zurich",77
,2026-07-02 00:00:00,11:00-12:10,Room C,"111*From Charismatic Technology to Generative Charisma: 
Understanding Technology and Religion in the Age of A.I.

Lim, Francis Khek Gee Nanyang Technological University",78
,2026-07-02 00:00:00,11:00-12:10,Room D,"Migration, Politics and Religion III",79
,2026-07-02 00:00:00,11:00-12:10,Room D,"14*Religious Nationalism: The Reconfiguration of Taoism, Mahayana Buddhism, 
and Shamanic Cultures in Phuket, Thailand

Chaopreecha, Jakraphan Prince Of Songkla University, Phuket",80
,2026-07-02 00:00:00,11:00-12:10,Room D,"24*Building Bridges: Faith-based Support for Migrant Domestic Workers

Wangka, Yusmiati Vistamika Independent Researcher",81
,2026-07-02 00:00:00,11:00-12:10,Room D,"6*Transnational Networks of Overseas Vietnamese Buddhist Temples: 
Japan's Relational Position in Regional and Digital Connectivity

Kiyofuji, Ryushun University Of Kitakyushu",82
,2026-07-02 00:00:00,12:10-13:30,,LUNCH,83
,2026-07-02 00:00:00,13:30-15:00,Room A,"Dao, Crisis, and Adaptation",84
,2026-07-02 00:00:00,13:30-15:00,Room A,"56*Politicized Dao: Propaganda and Antireligious Literacy in the Anti-Yiguandao Campaigns 
in the Early People's Republic of China, 1949-1953

Broy, Nikolas Rikkyo University",85
,2026-07-02 00:00:00,13:30-15:00,Room A,"43*Modern Missionaries: Developing a Power-Sensitive Theory of 
Transnational Chinese Religious Propagation

Fastovsky, Naomi Harvard University",86
,2026-07-02 00:00:00,13:30-15:00,Room A,"80*Religious Security in a World of Disasters: The Environmental Turn of 
Vegetarian Discourse in Yiguandao and the Construction of Dual Security

Ng, William National Taiwan Normal University",87
,2026-07-02 00:00:00,13:30-15:00,Room A,"47*Interpreting Manifestation and Resonance as Religious Experience: 
Yiguandao Field Narratives in Indonesia

Shen, Yeh-Ying Singapore University of Social Sciences",88
,2026-07-02 00:00:00,13:30-15:00,Room B,Civil Religion and Religious Social Engagement,89
,2026-07-02 00:00:00,13:30-15:00,Room B,"96*Exploring Faith-based Active Citizenship: 
The Hong Kong Christian Industrial Committee and Its Role in the Labor Movement

Chan, Shun Hing Hong Kong Baptist University",90
,2026-07-02 00:00:00,13:30-15:00,Room B,"51*Syncretism of Buddhism and Daoism in Community Culture: 
The Religious Life of Kam Tin and Sha Tin Nine Alliances Jiao Festivals
（佛道合流與社群文化：錦田鄉與沙田九約太平清醮的宗教生活）

Wong, Hau Sze Saint Francis University",91
,2026-07-02 00:00:00,13:30-15:00,Room B,"21*Religion and Society: How University Courses Can Connect with Religion in Taiwan

Liu, Wei Ting Tamkang University General Education and Core Curriculum Center",92
,2026-07-02 00:00:00,13:30-15:00,Room B,"84*Building the Kingdom: Infrastructuring Religion and the Formation of a 
Worker-Student Subjectivity in Taitung, Taiwan

Yeh, Shu-Ling National Taitung University
Lau, Sin Wen University of Otago",93
,2026-07-02 00:00:00,13:30-15:00,Room C,Religion in Quantitative Focus,94
,2026-07-02 00:00:00,13:30-15:00,Room C,"63*Religious Practice and Negative Life Attitudes: 
A Comparison Between Taiwan Soka Gakkai Members and Other Buddhists

Fan, Gang-Hua Soochow University",95
,2026-07-02 00:00:00,13:30-15:00,Room C,"116*How Religion and Religiosity Shape Subjective Well-Being? 
The Mediating Role of Social Isolation

Hwang, Myeong Hwan Yonsei University",96
,2026-07-02 00:00:00,13:30-15:00,Room C,"72*Transcending the Self or Loving Thy Neighbor? 
Religious Traditions and Core Discussion Networks in East Asia

Su, Kuo-Hsien National Taiwan University",97
,2026-07-02 00:00:00,13:30-15:00,Room C,"40*Religious Diversity Around the World

Tong, Yunping Pew Research Center",98
,2026-07-02 00:00:00,13:30-15:00,Room D,Religious Identity in the Digital Age,99
,2026-07-02 00:00:00,13:30-15:00,Room D,"36*The Relationship of Youth with Hui Ethnicity and Islam in Modern Chinese City: 
A Case Study based in Shenzhen

Gao, Tianlin Hokkaido University",100
,2026-07-02 00:00:00,13:30-15:00,Room D,"79*Perception of AI Civilization in Daesoon Thought

Joo, Soyeon Daejin University
Lee, Gyungwon Daejin University",101
,2026-07-02 00:00:00,13:30-15:00,Room D,"129*Threads of Merit: Affect, Affordance, and Ethics in Digital Taiwan

Lin, Yu-Ting National Tsing Hua University 
Huang, C. Julia National Tsing Hua University",102
,2026-07-02 00:00:00,13:30-15:00,Room D,"60*What Does It Mean to Answer ""Don't Know"" to Questions on Religious Belief? 
Patterns in the ISSP 2018 Japan Survey

Shimizu, Koki Doshisha University
Cha, Min Kyung Kyung Hee University",103
,2026-07-02 00:00:00,15:00-15:20,,BREAK,104
,2026-07-02 00:00:00,15:20-16:30,Room A,Religion and Gender,105
,2026-07-02 00:00:00,15:20-16:30,Room A,"66*Between Legitimation and Marginalization: Female Spiritual Practitioners 
in Contemporary Chinese Mazu Belief

Ku, Ming-Chun National Tsing Hua University",106
,2026-07-02 00:00:00,15:20-16:30,Room A,"61*The Guanyin's Power of Healing Recorded in the Buddhist Miracle Tales 
in the First Two Decades of Post-war Taiwan

Li, Yu-Chen National Chengchi University",107
,2026-07-02 00:00:00,15:20-16:30,Room A,"68*Open Places, Transnational Networks: 
Guanyin Citta and the Relational Infrastructures of Urban Buddhism

Huang, Weishan Hong Kong Shue Yan University",108
,2026-07-02 00:00:00,15:20-16:30,Room B,"Religious Transmission and Informal Islamic Education 
in South Korea and Taiwan",109
,2026-07-02 00:00:00,15:20-16:30,Room B,"49*Negotiating Islamic Education: Migrant Muslim Motherhood, Informal Schooling, 
and Religious Adaptation in Taiwan

Chiou, Syuan Yuan National Chengchi University",110
,2026-07-02 00:00:00,15:20-16:30,Room B,"50*Preserving Faith Abroad: Islamic Education, Islamic School, 
and Indonesian Muslim Mothers in Educating Children in South Korea

Burhan, Amelia University Of Indonesia",111
,2026-07-02 00:00:00,15:20-16:30,Room B,"115*Teacher Involvement and Mental Health Support in Islamic Education in Taiwan

Kartina, Irna National Taipei University
Chiou, Syuan-yuan National Chengchi University",112
,2026-07-02 00:00:00,15:20-16:30,Room C,"Migration, Politics and Religion IV",113
,2026-07-02 00:00:00,15:20-16:30,Room C,"118*36 Years a Korean Jesuit in Japan: Migration, Minority Belonging, 
and the Vocation of Staying

Kim, Allen International Christian University",114
,2026-07-02 00:00:00,15:20-16:30,Room C,"103*Charismatic Leadership in Korean-American Church: 
The Socio-religious Catalyst of a Boston Immigration Community

Kim, David W. Australian National University / Kookmin University, Seoul",115
,2026-07-02 00:00:00,15:20-16:30,Room C,"120*Christianity in Hong Kong Under Political Change: Strategies of Religious Adaptation

Ng, Ka Shing Hokkaido University",116
,2026-07-02 00:00:00,16:30-16:45,,BREAK,117
,2026-07-02 00:00:00,17:10-18:20,,TOUR,118
,,,,,
,"The 8th Annual Conference of 
East Asian Society for the Scientific Study of Religion (EASSSR)",,,,
,DAY 3,,,,
,2026-07-03 00:00:00,,,,
,Date,Time,Room,Programme,
,2026-07-03 00:00:00,09:15-10:45,Room A,"Religion, Gender and Sexuality",119
,2026-07-03 00:00:00,09:15-10:45,Room A,"57*Too Religious for Our Group: Digital Gate-Keeping, Queer Resilience, 
and the Threat of Religious Change

Yen, Tzu-Chien Academia Sinica",120
,2026-07-03 00:00:00,09:15-10:45,Room A,"98*""Middle Women Rising (zhongnü jueqi)"": 
Framing Gendered Empowerment on Chinese Social Media

Chen, Jialin The University of Hong Kong
Wang, Yang The University of Hong Kong",121
,2026-07-03 00:00:00,09:15-10:45,Room A,"8*A Study on the Experience of LGBTQ+ Members of Soka Gakkai Japan: 
What is there to be learnt about the Current Status of Gender Equality Advocacy 
within the Organisation?

Colletti, Margot Waseda University",122
,2026-07-03 00:00:00,09:15-10:45,Room A,"128* ""Healthy Families, Holy Nation"": Transnational anti-Gender Politics 
in Contemporary South Korea

Ha, Hyun Jeong Duke Kunshan University",123
,2026-07-03 00:00:00,09:15-10:45,Room B,"Religion, Market and Economics",124
,2026-07-03 00:00:00,09:15-10:45,Room B,"45*Lucky Charms as Mobile Materiality: Portability, Multiplicity, 
and Authenticity beyond the Sacred/Secular Divide

Hosono, Kazuto University Of Tokyo",125
,2026-07-03 00:00:00,09:15-10:45,Room B,"26*Biblically Responsible Investing as Religious Economic Practice: 
Christian Normativity and Market Participation in the United States

Kitani, Kanan Doshisha University",126
,2026-07-03 00:00:00,09:15-10:45,Room B,"28*From Monopoly to Competition: The Transformation of the 
Menjuan (门眷) System in Daoism in Western Guangdong

Lin, Weizhi Guangdong Ocean University",127
,2026-07-03 00:00:00,09:15-10:45,Room B,"13*Devotion, Discipline, and Capital: Rethinking Religion under Neoliberal Conditions

Tovankasame, Nicha Prince Of Songkla University, Phuket Campus",128
,2026-07-03 00:00:00,09:15-10:45,Room C,Religious Resilience and Innovation in the Digital Age II,129
,2026-07-03 00:00:00,09:15-10:45,Room C,"15*Formation of a ""Mobile Church"" through Hybridization - 
A Case Study of Contemporary Protestant Churches in China

Sato, Chitose Hokkai School Of Commerce, Sapporo",130
,2026-07-03 00:00:00,09:15-10:45,Room C,"19*Redesigning the Sacred: Digital Mediation and the Crisis of Ritual Efficacy 
in Shanghai's Taoism

Wang, Linan Fudan University",131
,2026-07-03 00:00:00,09:15-10:45,Room C,"33*Digital Footprints and Spiritual Navigation: An AI-Driven Framework for 
Religious Resilience and Visual Narratives of Humanistic Buddhism at 
Fo Guang Shan in Taiwan (2005–2025)

Liu, Chih-Lin National Cheng Kung University (Republic Of China)",132
,2026-07-03 00:00:00,09:15-10:45,Room C,"39*Digital Appeals, Women's Engagement and House Church - State Conflict in L City

Liang, Xinuo SOAS, University Of London",133
,2026-07-03 00:00:00,10:45-11:00,,BREAK,134
,2026-07-03 00:00:00,11:00-12:10,Room A,Religion in Comparative Scope,135
,2026-07-03 00:00:00,11:00-12:10,Room A,"93*Religious Freedom Across Regimes in Asia: Does Faith Truly Thrive in Democracy?

Brasnett, Jonathan University Of Ottawa",136
,2026-07-03 00:00:00,11:00-12:10,Room A,"121*Reflections on Translation and Comparative Method: 
Hope as Word and Concept in Christianity and Buddhism

Hedges, Paul RSiS, Nanyang Technological University",137
,2026-07-03 00:00:00,11:00-12:10,Room A,"46*Religion as a Contentious Space of Authoritarian Influence: 
United Front Networks and the Contestation of Civil Society in Taiwan

Wang, Ray National Chengchi University",138
,2026-07-03 00:00:00,11:00-12:10,Room B,Religions in Southeast Asia III,139
,2026-07-03 00:00:00,11:00-12:10,Room B,"119*Artificial Intelligence in Taiwanese Folk Religion: 
The Dual Dynamics of Protection and Peril at Beigang Wude Temple

Lin, Ching-Chih National Chengchi University",140
,2026-07-03 00:00:00,11:00-12:10,Room B,"7*Technologies of Capture: Embodiment, Infection, and the Dynamics of Immersion 
and Documentation in Taiwanese Popular Religion

Tischer, Jacob Charles University Prague",141
,2026-07-03 00:00:00,11:00-12:10,Room B,"41*Buddhism's Recent Decline in East Asia

Tong, Yunping Pew Research Center
Fahmy, Dalia Pew Research Center",142
,2026-07-03 00:00:00,11:00-12:10,Room C,"Ritual, Festival and Religion II",143
,2026-07-03 00:00:00,11:00-12:10,Room C,"124*Emotional Resilience of Filial Piety in the East Asian Society: 
Dialogue between Science and Humanities

Zhang, Wenxu The Chinese University Of Hong Kong",144
,2026-07-03 00:00:00,11:00-12:10,Room C,"42*The Belief of Emperor Fuyou 孚佑帝君 in Taiwan's Morality Books 
Before and After World War II : Centered on the Collection of Books by 
Venerable Yuanman Dezhi 圓滿德治法師

Chen, Weng-Ching National Chengchi University",145
,2026-07-03 00:00:00,11:00-12:10,Room C,"35*Ritual Ontology under Algorithmic Mediation: 
Inter-Rituality and AI-Driven Ritual Transformation in Contemporary Taiwan

Wu, Kijin James Tainan Theological College And Seminary",146
,2026-07-03 00:00:00,12:10-13:30,,LUNCH,147
,2026-07-03 00:00:00,13:30-15:00,Room A,Digital Faith Communities,148
,2026-07-03 00:00:00,13:30-15:00,Room A,"59*Tenrikyo Missionary Work and the Digital Society: 
Is Door-to-Door Missionary Work Sustainable ?

Horiuchi, Midori Tenri University",149
,2026-07-03 00:00:00,13:30-15:00,Room A,"114*Transmission of Vernacular Ritual Traditions in the Digital Age: A Preliminary Study

Sun, Jiayue The University Of Hong Kong",150
,2026-07-03 00:00:00,13:30-15:00,Room A,"74*Research on the Religious Experience by VR Virtual Reality Technology

Wang, Chao Shaanxi Normal University",151
,2026-07-03 00:00:00,13:30-15:00,Room A,"105*Transnational Chinese Christians and Digital Placemaking in the Mediterranean Region

Cao, Nanlai City University Of Hong Kong",152
,2026-07-03 00:00:00,13:30-15:00,Room B,Religion in Social Media,153
,2026-07-03 00:00:00,13:30-15:00,Room B,"48*Bandwagon Pilgrimage: Imitative Rituals on Social Media - 
A Case Study of the Communication of Black Myth: Wukong

Lyu, Zhongwang Hong Kong Shue Yan University",154
,2026-07-03 00:00:00,13:30-15:00,Room B,"97*Platformed Cross-Reading: Marian - 
Guanyin Functional Equivalence in Social Media Contexts

Ma, Nan Jinan University (Guangzhou, China)",155
,2026-07-03 00:00:00,13:30-15:00,Room B,"123*Rednote (Xiao hong shu 小紅書) as Method: 
Theorizing Religious Repertoires in Global Chinese Sphere

Shmushko, Kai University Of Amsterdam",156
,2026-07-03 00:00:00,13:30-15:00,Room B,"53*Translation Edit Rates (TER) of Current LLMs for the Chinese to English Translation 
of the Fo Guang Dictionary of Buddhism: Correlations with Taishō Canon Mapping

Shih, Zhi Yue Fo Guang Shan Institute Of Humanistic Buddhism",157
,2026-07-03 00:00:00,13:30-15:00,Room C,Religious Liberty Issues in East Asia,158
,2026-07-03 00:00:00,13:30-15:00,Room C,"31*Religious Freedom and Institutional Path Dependency: 
Rethinking the Tai Ji Men Tax Controversy in Taiwan

Wu, Chih-Chung Independent Scholar, Taipei, Taiwan",159
,2026-07-03 00:00:00,13:30-15:00,Room C,"29*Human Rights, Religious Liberty, and the Limits of Legal Reform: 
Lessons from Contemporary Taiwanese Cases

Lee, Rowena Independent Scholar, Taipei, Taiwan",160
,2026-07-03 00:00:00,13:30-15:00,Room C,"30*Religious Gifts, Transitional Justice, and Incentive Structures: 
A Three-Dimensional Analysis of Taiwan's Tai Ji Men Case

Wen, Shang-Bin Tai Ji Men Qigong Academy",161
,2026-07-03 00:00:00,13:30-15:00,Room C,"112*""Cult"" Controversies in Asia: Democratic Neutrality, Delegitimization 
and the Erosion of Religious Liberty

Introvigne, Massimo CESNUR (Center For Studies On New Religions)
Respinti, Marco The Journal of CESNUR, Milan, Italy",162
,2026-07-03 00:00:00,15:00-15:20,,BREAK,163
,2026-07-03 00:00:00,15:20-16:30,,Plenary Meeting,164
,2026-07-03 00:00:00,16:30-16:45,,BREAK,165
,2026-07-03 00:00:00,16:45-18:10,,TOUR,166
,2026-07-03 00:00:00,18:10-20:20,,Farewell Diner,167
,,,,,
,"The 8th Annual Conference of 
East Asian Society for the Scientific Study of Religion (EASSSR)",,,,
,DAY 4,,,,
,2026-07-04 00:00:00,,,,
,Date,Time,Room,Programme,
,2026-07-04 00:00:00,09:15-12:00,,TOUR (Morning),168
,2026-07-04 00:00:00,12:00-13:30,,Experiencing the Formal Meal Offering in the Monastery,169
,2026-07-04 00:00:00,13:30-16:30,,TOUR (Afternoon),170
,2026-07-04 00:00:00,13:30-16:30,,DEPARTURE,171
