Day,Date,Time,Room,Programme,sort,Programme.1,Unnamed: 7,Unnamed: 8,Programme.2,Unnamed: 10,Unnamed: 11,Programme.3,Unnamed: 13,Programme.4
DAY 1,2026-07-01,09:30-09:35,,"Opening Ceremony

David A. Palmer President, EASSSR
Venerable Ru Chang Director, Fo Guang Shan Buddha Museum",1,Opening Ceremony,,,Opening Ceremony,,,,,
DAY 1,2026-07-01,09:35-10:35,,"Presidential Address

David A. Palmer President, EASSSR",2,Presidential Address,,,Presidential Address,,,,,
DAY 1,2026-07-01,10:35-10:45,,BREAK,3,BREAK,,,BREAK,,,,,
DAY 1,2026-07-01,10:45-12:00,,"Keynote Speech
Architects of Buddhist Leisure: Monuments, Museums, and Amusement Parks 
in the Practice of Modern Buddhism

McDaniel, Justin Department of Religious Studies, University of Pennsylvania",4,Keynote Speech,,,Keynote Speech,,,,,
DAY 1,2026-07-01,12:00-13:30,,LUNCH,5,LUNCH,,,LUNCH,,,,,
DAY 1,2026-07-01,13:30-15:00,Room A,Digitalized Environmental and Peace Movements of SGI,6,Digitalized Environmental and Peace Movements of SGI,,,Digitalized Environmental and Peace Movements of SGI,,,,,
DAY 1,2026-07-01,13:30-15:00,Room A,"82*The Future We Make: Climate Change Governance for the Common Good of 
Humankind through Makiguchi Tsunesaburo's Concept of Humanitarian Competition

Jeong, Jiyun Sookmyung Women's University",7,82,The Future We Make,The Future We Make: Climate Change Governance for the Common Good of Humankind through Makiguchi Tsunesaburo's Concept of Humanitarian Competition,82*The Future We Make,"82*The Future We Make: Climate Change Governance for the Common Good of Humankind through Makiguchi Tsunesaburo's Concept of Humanitarian Competition
",,"82*The Future We Make: Climate Change Governance for the Common Good of Humankind through Makiguchi Tsunesaburo's Concept of Humanitarian Competition
: Climate Change Governance for the Common Good of 
Humankind through Makiguchi Tsunesaburo's Concept of Humanitarian Competition

Jeong, Jiyun Sookmyung Women's University",,"82*The Future We Make: Climate Change Governance for the Common Good of 
Humankind through Makiguchi Tsunesaburo's Concept of Humanitarian Competition
Jeong, Jiyun Sookmyung Women's University"
DAY 1,2026-07-01,13:30-15:00,Room A,"54*Religion-Based Peace Practice and the Formation of Global Citizenship in the 
Digital Age: A Case Study of KSGI's 'Value Creation' Approach in Online Archives

Lee, Suhyun IRCC, Kyung Hee University",8,54,Religion-Based Peace Practice and the Formation of Global Citizenship ,Religion-Based Peace Practice and the Formation of Global Citizenship in the Digital Age: A Case Study of KSGI's 'Value Creation' Approach in Online Archives,54*Religion-Based Peace Practice and the Formation of Global Citizenship ,"54*Religion-Based Peace Practice and the Formation of Global Citizenship in the Digital Age: A Case Study of KSGI's 'Value Creation' Approach in Online Archives
",,"54*Religion-Based Peace Practice and the Formation of Global Citizenship in the Digital Age: A Case Study of KSGI's 'Value Creation' Approach in Online Archives
in the 
Digital Age: A Case Study of KSGI's 'Value Creation' Approach in Online Archives

Lee, Suhyun IRCC, Kyung Hee University",,"54*Religion-Based Peace Practice and the Formation of Global Citizenship in the Digital Age: 
A Case Study of KSGI's 'Value Creation' Approach in Online Archives
Lee, Suhyun IRCC, Kyung Hee University"
DAY 1,2026-07-01,13:30-15:00,Room A,"87*Religion as a Buffer against Social Atomization: Soka Gakkai and the Ethics of 
Rebuilding Social Relations

Yeo, Youngyun Korea University",9,87,Religion as a Buffer against Social Atomization,Religion as a Buffer against Social Atomization: Soka Gakkai and the Ethics of Rebuilding Social Relations,87*Religion as a Buffer against Social Atomization,"87*Religion as a Buffer against Social Atomization: Soka Gakkai and the Ethics of Rebuilding Social Relations
",,"87*Religion as a Buffer against Social Atomization: Soka Gakkai and the Ethics of Rebuilding Social Relations
: Soka Gakkai and the Ethics of 
Rebuilding Social Relations

Yeo, Youngyun Korea University",,"87*Religion as a Buffer against Social Atomization: Soka Gakkai and the Ethics of 
Rebuilding Social Relations
Yeo, Youngyun Korea University"
DAY 1,2026-07-01,13:30-15:00,Room A,"73*Living the ""Buddhist"" Dharma and the Question of the Animal in the Age of the Anthropocene

Fisker-Nielsen, Anne Mette Soka University",10,73,"Living the ""Buddhist"" Dharma and the Question of the Animal in the Age ","Living the ""Buddhist"" Dharma and the Question of the Animal in the Age of the Anthropocene","73*Living the ""Buddhist"" Dharma and the Question of the Animal in the Age ","73*Living the ""Buddhist"" Dharma and the Question of the Animal in the Age of the Anthropocene
",,"73*Living the ""Buddhist"" Dharma and the Question of the Animal in the Age of the Anthropocene
of the Anthropocene

Fisker-Nielsen, Anne Mette Soka University",,"73*Living the ""Buddhist"" Dharma and the Question of the Animal in the Age of the Anthropocene
Fisker-Nielsen, Anne Mette Soka University"
DAY 1,2026-07-01,13:30-15:00,Room B,Religion and Arts,11,Religion and Arts,,,Religion and Arts,,,,,
DAY 1,2026-07-01,13:30-15:00,Room B,"99*A Study on the Symbolic Representation and Doctrinal Innovation of the 
Wood-Carved Hubaul Taenghwa at Hanmaum Seonwon

Bae, Jiyoung
Dongguk University WISE",12,99,A Study on the Symbolic Representation and Doctrinal Innovation of the ,A Study on the Symbolic Representation and Doctrinal Innovation of the Wood-carved Hubaul Taenghwa at Hanmaum Seonwon,99*A Study on the Symbolic Representation and Doctrinal Innovation of the ,"99*A Study on the Symbolic Representation and Doctrinal Innovation of the Wood-carved Hubaul Taenghwa at Hanmaum Seonwon
",,"99*A Study on the Symbolic Representation and Doctrinal Innovation of the Wood-carved Hubaul Taenghwa at Hanmaum Seonwon

Wood-Carved Hubaul Taenghwa at Hanmaum Seonwon

Bae, Jiyoung
Dongguk University WISE",,"99*A Study on the Symbolic Representation and Doctrinal Innovation of the 
Wood-carved Hubaul Taenghwa at Hanmaum Seonwon
Bae, Jiyoung Dongguk University WISE"
DAY 1,2026-07-01,13:30-15:00,Room B,"25*Between Temple and Museum

Chen, Teng-Hsiang
Fo Guang Shan Institute of Humanistic Buddhism",13,25,Between Temple and Museum,Between Temple and Museum: Religious Publicness and Sacred-Secular Compatibility in the Fo Guang Shan Buddha Museum,25*Between Temple and Museum,"25*Between Temple and Museum: Religious Publicness and Sacred-Secular Compatibility in the Fo Guang Shan Buddha Museum
",,"25*Between Temple and Museum: Religious Publicness and Sacred-Secular Compatibility in the Fo Guang Shan Buddha Museum


Chen, Teng-Hsiang
Fo Guang Shan Institute of Humanistic Buddhism",,"25*Between Temple and Museum: Religious Publicness and Sacred-Secular Compatibility 
in the Fo Guang Shan Buddha Museum
Chen, Teng-Hsiang Fo Guang Shan Institute of Humanistic Buddhism"
DAY 1,2026-07-01,13:30-15:00,Room B,"94*Song Singing, Love, and Virtue
Ho, Wai Chung
Hong Kong Baptist University",14,94,"Song Singing, Love, and Virtue","Song Singing, Love, and Virtue: State Led Confucian Moral and Affective Formation in Chinese Music Education","94*Song Singing, Love, and Virtue","94*Song Singing, Love, and Virtue: State Led Confucian Moral and Affective Formation in Chinese Music Education
",,"94*Song Singing, Love, and Virtue: State Led Confucian Moral and Affective Formation in Chinese Music Education

Ho, Wai Chung
Hong Kong Baptist University",,"94*Song Singing, Love, and Virtue: State Led Confucian Moral and Affective Formation 
in Chinese Music Education
Ho, Wai Chung Hong Kong Baptist University"
DAY 1,2026-07-01,13:30-15:00,Room B,"17*The Monastic Influencers
Cho, Yasmin
The University Of Chicago",15,17,The Monastic Influencers,"The Monastic Influencers: Art, Digital Space, and the Tiantai Diaspora",17*The Monastic Influencers,"17*The Monastic Influencers: Art, Digital Space, and the Tiantai Diaspora
",,"17*The Monastic Influencers: Art, Digital Space, and the Tiantai Diaspora

Cho, Yasmin
The University Of Chicago",,"17*The Monastic Influencers: Art, Digital Space, and the Tiantai Diaspora
Cho, Yasmin The University Of Chicago"
DAY 1,2026-07-01,13:30-15:00,Room C,Religion and Social Welfare,16,Religion and Social Welfare,,,Religion and Social Welfare,,,,,
DAY 1,2026-07-01,13:30-15:00,Room C,"65*At The Intersection of Religious Salvation and Public Welfare 
Aoki, Shigeru
Institute Of Science Tokyo",17,65,At The Intersection of Religious Salvation and Public Welfare ,At the Intersection of Religious Salvation and Public Welfare Foster Care and Children's Freedom of Religion: The Case of Tenrikyo,65*At The Intersection of Religious Salvation and Public Welfare ,"65*At the Intersection of Religious Salvation and Public Welfare Foster Care and Children's Freedom of Religion: The Case of Tenrikyo
",,"65*At the Intersection of Religious Salvation and Public Welfare Foster Care and Children's Freedom of Religion: The Case of Tenrikyo

Aoki, Shigeru
Institute Of Science Tokyo",,"65*At the Intersection of Religious Salvation and Public Welfare Foster Care and Children's Freedom of Religion: The Case of Tenrikyo
Aoki, Shigeru
Institute Of Science Tokyo"
DAY 1,2026-07-01,13:30-15:00,Room C,"108*Religion and Welfare
Laliberte, Andre
University Of Ottawa",18,108,Religion and Welfare,Religion and Welfare: Why There is No Confucian Welfare State?,108*Religion and Welfare,"108*Religion and Welfare: Why There is No Confucian Welfare State?
",,"108*Religion and Welfare: Why There is No Confucian Welfare State?

Laliberte, Andre
University Of Ottawa",,"108*Religion and Welfare: Why There is No Confucian Welfare State?
Laliberte, Andre
University Of Ottawa"
DAY 1,2026-07-01,13:30-15:00,Room C,"67*Grief Care and Activities of Religious Practitioners
Miyajima, Shunichi
Hokkaido University",19,67,Grief Care and Activities of Religious Practitioners,Grief Care and Activities of Religious Practitioners,67*Grief Care and Activities of Religious Practitioners,"67*Grief Care and Activities of Religious Practitioners
",,"67*Grief Care and Activities of Religious Practitioners

Miyajima, Shunichi
Hokkaido University",,"67*Grief Care and Activities of Religious Practitioners
Miyajima, Shunichi
Hokkaido University"
DAY 1,2026-07-01,13:30-15:00,Room C,"75*Characteristics of Forest Protection Activities by Religions in Contemporary Japan
Takahashi, Norihito
Toyo University",20,75,Characteristics of Forest Protection Activities by Religions in Contemporary Japan,Characteristics of Forest Protection Activities by Religions in Contemporary Japan,75*Characteristics of Forest Protection Activities by Religions in Contemporary Japan,"75*Characteristics of Forest Protection Activities by Religions in Contemporary Japan
",,"75*Characteristics of Forest Protection Activities by Religions in Contemporary Japan

Takahashi, Norihito
Toyo University",,"75*Characteristics of Forest Protection Activities by Religions in Contemporary Japan
Takahashi, Norihito
Toyo University"
DAY 1,2026-07-01,13:30-15:00,Room D,Religious Resilience and Innovation in the Digital Age I,21,Religious Resilience and Innovation in the Digital Age I,,,Religious Resilience and Innovation in the Digital Age I,,,,,
DAY 1,2026-07-01,13:30-15:00,Room D,"37*A Study of Master Hsing Yun's Humanistic Buddhism in the Digital Age
Shi, Miaolin 
Fo Guang Shan Buddha Memorial Center",22,37,A Study of Master Hsing Yun's Humanistic Buddhism in the Digital Age,"A Study of Master Hsing Yun's Humanistic Buddhism in the Digital Age : A Case Study of the ""Buddhist Maritime Silk Road - New Media Art Exhibition "" at the Buddha Museum",37*A Study of Master Hsing Yun's Humanistic Buddhism in the Digital Age,"37*A Study of Master Hsing Yun's Humanistic Buddhism in the Digital Age : A Case Study of the ""Buddhist Maritime Silk Road - New Media Art Exhibition "" at the Buddha Museum
",,"37*A Study of Master Hsing Yun's Humanistic Buddhism in the Digital Age : A Case Study of the ""Buddhist Maritime Silk Road - New Media Art Exhibition "" at the Buddha Museum

Shi, Miaolin 
Fo Guang Shan Buddha Memorial Center",,"37*A Study of Master Hsing Yun's Humanistic Buddhism in the Digital Age : A Case Study of the ""Buddhist Maritime Silk Road - New Media Art Exhibition "" at the Buddha Museum
Shi, Miaolin 
Fo Guang Shan Buddha Memorial Center"
DAY 1,2026-07-01,13:30-15:00,Room D,"38*Mapping Buddhist Knowledge
Shih, Miao Guang
Fo Guang Shan Institute Of Humanistic Buddhism",23,38,Mapping Buddhist Knowledge,Mapping Buddhist Knowledge: The Fo Guang Dictionary of Buddhism as a Dataset for the Scientific Study of Religion,38*Mapping Buddhist Knowledge,"38*Mapping Buddhist Knowledge: The Fo Guang Dictionary of Buddhism as a Dataset for the Scientific Study of Religion
",,"38*Mapping Buddhist Knowledge: The Fo Guang Dictionary of Buddhism as a Dataset for the Scientific Study of Religion

Shih, Miao Guang
Fo Guang Shan Institute Of Humanistic Buddhism",,"38*Mapping Buddhist Knowledge: The Fo Guang Dictionary of Buddhism as a Dataset for the Scientific Study of Religion
Shih, Miao Guang
Fo Guang Shan Institute Of Humanistic Buddhism"
DAY 1,2026-07-01,13:30-15:00,Room D,"18*From Balance to Resolution
Ha, Jeeyoung
Daejin University",24,18,From Balance to Resolution,From Balance to Resolution: Zhong (中) and Haewon-Sangsaeng in Digital-Networked Society,18*From Balance to Resolution,"18*From Balance to Resolution: Zhong (中) and Haewon-Sangsaeng in Digital-Networked Society
",,"18*From Balance to Resolution: Zhong (中) and Haewon-Sangsaeng in Digital-Networked Society

Ha, Jeeyoung
Daejin University",,"18*From Balance to Resolution: Zhong (中) and Haewon-Sangsaeng in Digital-Networked Society
Ha, Jeeyoung
Daejin University"
DAY 1,2026-07-01,13:30-15:00,Room D,"100*Organizational Design and East Asian Religions in the Era of AI
Irons, Edward
Hong Kong Institute for Culture, Commerce And Religion",25,100,Organizational Design and East Asian Religions in the Era of AI,Organizational Design and East Asian Religions in the Era of AI,100*Organizational Design and East Asian Religions in the Era of AI,"100*Organizational Design and East Asian Religions in the Era of AI
",,"100*Organizational Design and East Asian Religions in the Era of AI

Irons, Edward
Hong Kong Institute for Culture, Commerce And Religion",,"100*Organizational Design and East Asian Religions in the Era of AI
Irons, Edward
Hong Kong Institute for Culture, Commerce And Religion"
DAY 1,2026-07-01,15:00-15:20,,BREAK,26,BREAK,,,BREAK,,,,,
DAY 1,2026-07-01,15:20-16:30,Room A,New Religion in the Modern World,27,New Religion in the Modern World,,,New Religion in the Modern World,,,,,
DAY 1,2026-07-01,15:20-16:30,Room A,"22*(Re)Making Miracles
Bak, Jongseok
Korea University",28,22,(Re)Making Miracles,(Re)Making Miracles: Agency and the Reconfiguration of Religious Experience within and beyond a Korean Christian New Religion,22*(Re)Making Miracles,"22*(Re)Making Miracles: Agency and the Reconfiguration of Religious Experience within and beyond a Korean Christian New Religion
",,"22*(Re)Making Miracles: Agency and the Reconfiguration of Religious Experience within and beyond a Korean Christian New Religion

Bak, Jongseok
Korea University",,"22*(Re)Making Miracles: Agency and the Reconfiguration of Religious Experience within and beyond a Korean Christian New Religion
Bak, Jongseok
Korea University"
DAY 1,2026-07-01,15:20-16:30,Room A,"9*Becoming a Modern Buddhist Subject in Contemporary China
Rogers, Megan
Duke Kunshan University
Gu, Yixin
Duke Kunshan University",29,9,Becoming a Modern Buddhist Subject in Contemporary China,Becoming a Modern Buddhist Subject in Contemporary China,9*Becoming a Modern Buddhist Subject in Contemporary China,"9*Becoming a Modern Buddhist Subject in Contemporary China
",,"9*Becoming a Modern Buddhist Subject in Contemporary China

Rogers, Megan
Duke Kunshan University
Gu, Yixin
Duke Kunshan University",,"9*Becoming a Modern Buddhist Subject in Contemporary China
Rogers, Megan
Duke Kunshan University
Gu, Yixin
Duke Kunshan University"
DAY 1,2026-07-01,15:20-16:30,Room A,"107*The Face of Charismatic Leadership of Pentecostal Megachurch in Singapore
Tejedo, Joel
Asia Pacific Theological Seminary
Tejedo, Carolyn Soliven",30,107,The Face of Charismatic Leadership of Pentecostal Megachurch in Singapore,The Face of Charismatic Leadership of Pentecostal Megachurch in Singapore,107*The Face of Charismatic Leadership of Pentecostal Megachurch in Singapore,"107*The Face of Charismatic Leadership of Pentecostal Megachurch in Singapore
",,"107*The Face of Charismatic Leadership of Pentecostal Megachurch in Singapore

Tejedo, Joel
Asia Pacific Theological Seminary
Tejedo, Carolyn Soliven",,"107*The Face of Charismatic Leadership of Pentecostal Megachurch in Singapore
Tejedo, Joel
Asia Pacific Theological Seminary
Tejedo, Carolyn Soliven"
DAY 1,2026-07-01,15:20-16:30,Room B,"Migration, Politics and Religion I",31,"Migration, Politics and Religion I",,,"Migration, Politics and Religion I",,,,,
DAY 1,2026-07-01,15:20-16:30,Room B,"117*Migration and Translocality in Rural Communities in Japan (1)
Tajima, Tadaastu
Reitaku University",32,117,Migration and Translocality in Rural Communities in Japan (1),Migration and Translocality in Rural Communities in Japan (1): A Case study of N Seaside Village in the Amami Islands,117*Migration and Translocality in Rural Communities in Japan (1),"117*Migration and Translocality in Rural Communities in Japan (1): A Case study of N Seaside Village in the Amami Islands
",,"117*Migration and Translocality in Rural Communities in Japan (1): A Case study of N Seaside Village in the Amami Islands

Tajima, Tadaastu
Reitaku University",,"117*Migration and Translocality in Rural Communities in Japan (1): A Case study of N Seaside Village in the Amami Islands
Tajima, Tadaastu
Reitaku University"
DAY 1,2026-07-01,15:20-16:30,Room B,"52*Migration and Translocality in Rural Communities in Japan (2)
Fuyutsuki, Ritsu
Reitaku University",33,52,Migration and Translocality in Rural Communities in Japan (2),Migration and Translocality in Rural Communities in Japan (2): A Case Study of S Mountain Village in Nagano-Prefecture,52*Migration and Translocality in Rural Communities in Japan (2),"52*Migration and Translocality in Rural Communities in Japan (2): A Case Study of S Mountain Village in Nagano-Prefecture
",,"52*Migration and Translocality in Rural Communities in Japan (2): A Case Study of S Mountain Village in Nagano-Prefecture

Fuyutsuki, Ritsu
Reitaku University",,"52*Migration and Translocality in Rural Communities in Japan (2): A Case Study of S Mountain Village in Nagano-Prefecture
Fuyutsuki, Ritsu
Reitaku University"
DAY 1,2026-07-01,15:20-16:30,Room B,"126*A Sociological Study of Challenges in Career Development among 
Second-Generation Muslim Migrants in Japan
Fukuda, Tomoko
Chiba University",34,126,A Sociological Study of Challenges in Career Development among ,A Sociological Study of Challenges in Career Development among Second-Generation Muslim Migrants in Japan,126*A Sociological Study of Challenges in Career Development among ,"126*A Sociological Study of Challenges in Career Development among Second-Generation Muslim Migrants in Japan
",,"126*A Sociological Study of Challenges in Career Development among Second-Generation Muslim Migrants in Japan

Second-Generation Muslim Migrants in Japan
Fukuda, Tomoko
Chiba University",,"126*A Sociological Study of Challenges in Career Development among Second-Generation Muslim Migrants in Japan
Second-Generation Muslim Migrants in Japan
Fukuda, Tomoko
Chiba University"
DAY 1,2026-07-01,15:20-16:30,Room C,Religion and Social Theory I,35,Religion and Social Theory I,,,Religion and Social Theory I,,,,,
DAY 1,2026-07-01,15:20-16:30,Room C,"27*Who is My Neighbor
Carnesecca, Cole
Chung Yuan Christian University",36,27,Who is My Neighbor,Who is My Neighbor - Moral Community Formation in Urban Chinese House Churches,27*Who is My Neighbor,"27*Who is My Neighbor - Moral Community Formation in Urban Chinese House Churches
",,"27*Who is My Neighbor - Moral Community Formation in Urban Chinese House Churches

Carnesecca, Cole
Chung Yuan Christian University",,"27*Who is My Neighbor - Moral Community Formation in Urban Chinese House Churches
Carnesecca, Cole
Chung Yuan Christian University"
DAY 1,2026-07-01,15:20-16:30,Room C,"34*On the Social Quantum Hypothesis of Spirituality and Religion
Cheng, Chinchen
National Chengchi University",37,34,On the Social Quantum Hypothesis of Spirituality and Religion,On the Social Quantum Hypothesis of Spirituality and Religion,34*On the Social Quantum Hypothesis of Spirituality and Religion,"34*On the Social Quantum Hypothesis of Spirituality and Religion
",,"34*On the Social Quantum Hypothesis of Spirituality and Religion

Cheng, Chinchen
National Chengchi University",,"34*On the Social Quantum Hypothesis of Spirituality and Religion
Cheng, Chinchen
National Chengchi University"
DAY 1,2026-07-01,15:20-16:30,Room C,"102*A Theology of Media and Communication
Hong, Seung Min
International Christian University",38,102,A Theology of Media and Communication,"A Theology of Media and Communication: An Ode to the Ideas of Dissemination, Mediation, and Technology",102*A Theology of Media and Communication,"102*A Theology of Media and Communication: An Ode to the Ideas of Dissemination, Mediation, and Technology
",,"102*A Theology of Media and Communication: An Ode to the Ideas of Dissemination, Mediation, and Technology

Hong, Seung Min
International Christian University",,"102*A Theology of Media and Communication: An Ode to the Ideas of Dissemination, Mediation, and Technology
Hong, Seung Min
International Christian University"
DAY 1,2026-07-01,15:20-16:30,Room D,Religions in Southeast Asia I,39,Religions in Southeast Asia I,,,Religions in Southeast Asia I,,,,,
DAY 1,2026-07-01,15:20-16:30,Room D,"92*Relic Stūpas Associated with the Chinese Zodiac in Northern Thailand
Bingenheimer, Marcus
Temple University",40,92,Relic Stūpas Associated with the Chinese Zodiac in Northern Thailand,Relic Stūpas associated with the Chinese Zodiac in Northern Thailand,92*Relic Stūpas Associated with the Chinese Zodiac in Northern Thailand,"92*Relic Stūpas associated with the Chinese Zodiac in Northern Thailand
",,"92*Relic Stūpas associated with the Chinese Zodiac in Northern Thailand

Bingenheimer, Marcus
Temple University",,"92*Relic Stūpas associated with the Chinese Zodiac in Northern Thailand
Bingenheimer, Marcus
Temple University"
DAY 1,2026-07-01,15:20-16:30,Room D,"90*The Deity's Keeper
Sam, Li Ying
University Of Colombo",41,90,The Deity's Keeper,The Deity's Keeper: A Study of the Role of Chinese Mahayana Buddhism in Sustaining Chinese Folk Religions in Singapore and Malaysia,90*The Deity's Keeper,"90*The Deity's Keeper: A Study of the Role of Chinese Mahayana Buddhism in Sustaining Chinese Folk Religions in Singapore and Malaysia
",,"90*The Deity's Keeper: A Study of the Role of Chinese Mahayana Buddhism in Sustaining Chinese Folk Religions in Singapore and Malaysia

Sam, Li Ying
University Of Colombo",,"90*The Deity's Keeper: A Study of the Role of Chinese Mahayana Buddhism in Sustaining Chinese Folk Religions in Singapore and Malaysia
Sam, Li Ying
University Of Colombo"
DAY 1,2026-07-01,15:20-16:30,Room D,"130*Merit, Virtue, and Power: Rethinking Buddhist ""Economy of Merit"" 
through Myanmar's Free Funeral Service Movement 
Shu, Mu-Lung
National Yang Ming Chiao Tung University",42,130,"Merit, Virtue, and Power: Rethinking Buddhist ""Economy of Merit"" ","Merit, Virtue, and Power: Rethinking Buddhist ""Economy of Merit"" through Myanmar's Free Funeral Service Movement ","130*Merit, Virtue, and Power: Rethinking Buddhist ""Economy of Merit"" ","130*Merit, Virtue, and Power: Rethinking Buddhist ""Economy of Merit"" through Myanmar's Free Funeral Service Movement 
",,"130*Merit, Virtue, and Power: Rethinking Buddhist ""Economy of Merit"" through Myanmar's Free Funeral Service Movement 

through Myanmar's Free Funeral Service Movement 
Shu, Mu-Lung
National Yang Ming Chiao Tung University",,"130*Merit, Virtue, and Power: Rethinking Buddhist ""Economy of Merit"" through Myanmar's Free Funeral Service Movement 
through Myanmar's Free Funeral Service Movement 
Shu, Mu-Lung
National Yang Ming Chiao Tung University"
DAY 1,2026-07-01,16:30-16:45,,BREAK,43,BREAK,,,BREAK,,,,,
DAY 1,2026-07-01,16:45-17:10,,"Video Appreciation
AI in Religious Studies

Lancaster, Lewis R. 
University of California, Berkeley",44,Video Appreciation,,,Video Appreciation,,,,,
DAY 1,2026-07-01,17:10-18:20,,TOUR,45,TOUR,,,TOUR,,,,,
DAY 2,2026-07-02,09:15-10:45,Room A,"Spirituality, Science, and Animal in the Digitalized Worlds",46,"Spirituality, Science, and Animal in the Digitalized Worlds",,,"Spirituality, Science, and Animal in the Digitalized Worlds",,,,,
DAY 2,2026-07-02,09:15-10:45,Room A,"101*Quantum Consciousness Theory and Its Implications for the Sociology 
of Spirituality/Religion
Song, Francis Jae-Ryong
Kyung Hee University
Kim, Hyun Woo
Chungbuk National University",47,101,Quantum Consciousness Theory and Its Implications for the Sociology ,Quantum Consciousness Theory and Its Implications for the Sociology of Spirituality/Religion: Focusing on the Orch-OR Theory,101*Quantum Consciousness Theory and Its Implications for the Sociology ,"101*Quantum Consciousness Theory and Its Implications for the Sociology of Spirituality/Religion: Focusing on the Orch-OR Theory
",,"101*Quantum Consciousness Theory and Its Implications for the Sociology of Spirituality/Religion: Focusing on the Orch-OR Theory

of Spirituality/Religion
Song, Francis Jae-Ryong
Kyung Hee University
Kim, Hyun Woo
Chungbuk National University",,"101*Quantum Consciousness Theory and Its Implications for the Sociology of Spirituality/Religion: Focusing on the Orch-OR Theory
of Spirituality/Religion
Song, Francis Jae-Ryong
Kyung Hee University
Kim, Hyun Woo
Chungbuk National University"
DAY 2,2026-07-02,09:15-10:45,Room A,"91*Imposing Spirituality on Non-Human Companions in the Hyper-Connected Community
Yoo, Kwang Suk
IRCC, Kyung Hee University
Suh, Dong-Uhn
Kyung Hee University",48,91,Imposing Spirituality on Non-Human Companions in the Hyper-Connected Community,Imposing Spirituality on Non-Human Companions in the Hyper-connected Community,91*Imposing Spirituality on Non-Human Companions in the Hyper-Connected Community,"91*Imposing Spirituality on Non-Human Companions in the Hyper-connected Community
",,"91*Imposing Spirituality on Non-Human Companions in the Hyper-connected Community

Yoo, Kwang Suk
IRCC, Kyung Hee University
Suh, Dong-Uhn
Kyung Hee University",,"91*Imposing Spirituality on Non-Human Companions in the Hyper-connected Community
Yoo, Kwang Suk
IRCC, Kyung Hee University
Suh, Dong-Uhn
Kyung Hee University"
DAY 2,2026-07-02,09:15-10:45,Room A,"81*A Study on the Perceptions and Current Status of Companion Animals in Korean Protestantism
Kim, Andrew Eungi
Korea University
Kim, Jongman
Kyung Hee University",49,81,A Study on the Perceptions and Current Status of Companion Animals in Korean Protestantism,A Study on the Perceptions and Current Status of Companion Animals in Korean Protestantism: From the Perspective of Human-Nonhuman Reciprocity,81*A Study on the Perceptions and Current Status of Companion Animals in Korean Protestantism,"81*A Study on the Perceptions and Current Status of Companion Animals in Korean Protestantism: From the Perspective of Human-Nonhuman Reciprocity
",,"81*A Study on the Perceptions and Current Status of Companion Animals in Korean Protestantism: From the Perspective of Human-Nonhuman Reciprocity

Kim, Andrew Eungi
Korea University
Kim, Jongman
Kyung Hee University",,"81*A Study on the Perceptions and Current Status of Companion Animals in Korean Protestantism: From the Perspective of Human-Nonhuman Reciprocity
Kim, Andrew Eungi
Korea University
Kim, Jongman
Kyung Hee University"
DAY 2,2026-07-02,09:15-10:45,Room A,"58*Posthuman Care Practices among People with Type 1 Diabetes Using DIY 
Artificial Pancreas Systems
Cha, Min Kyung
Kyung Hee University
Jang, Woosung
Kyung Hee University",50,58,Posthuman Care Practices among People with Type 1 Diabetes Using DIY ,Posthuman Care Practices among People with Type 1 Diabetes Using DIY Artificial Pancreas Systems: Implications for the Sociology of Religion,58*Posthuman Care Practices among People with Type 1 Diabetes Using DIY ,"58*Posthuman Care Practices among People with Type 1 Diabetes Using DIY Artificial Pancreas Systems: Implications for the Sociology of Religion
",,"58*Posthuman Care Practices among People with Type 1 Diabetes Using DIY Artificial Pancreas Systems: Implications for the Sociology of Religion

Artificial Pancreas Systems
Cha, Min Kyung
Kyung Hee University
Jang, Woosung
Kyung Hee University",,"58*Posthuman Care Practices among People with Type 1 Diabetes Using DIY Artificial Pancreas Systems: Implications for the Sociology of Religion
Artificial Pancreas Systems
Cha, Min Kyung
Kyung Hee University
Jang, Woosung
Kyung Hee University"
DAY 2,2026-07-02,09:15-10:45,Room B,"Migration, Politics and Religion II",51,"Migration, Politics and Religion II",,,"Migration, Politics and Religion II",,,,,
DAY 2,2026-07-02,09:15-10:45,Room B,"55*The Exodus of the Grey and the Black
Gao, Mingui
Purdue University",52,55,The Exodus of the Grey and the Black,The Exodus of the Grey and the Black: A Comparative Study of the Survival Strategies of Two Out-migrating Churches from China,55*The Exodus of the Grey and the Black,"55*The Exodus of the Grey and the Black: A Comparative Study of the Survival Strategies of Two Out-migrating Churches from China
",,"55*The Exodus of the Grey and the Black: A Comparative Study of the Survival Strategies of Two Out-migrating Churches from China

Gao, Mingui
Purdue University",,"55*The Exodus of the Grey and the Black: A Comparative Study of the Survival Strategies of Two Out-migrating Churches from China
Gao, Mingui
Purdue University"
DAY 2,2026-07-02,09:15-10:45,Room B,"10*The Contraction of Religion's Interstitial Social Space in China
Rogers, Megan
Duke Kunshan University
Tian, Zhenyu
Duke Kunshan University
Lou, Haozhe
Duke Kunshan University",53,10,The Contraction of Religion's Interstitial Social Space in China,"The Contraction of Religion's Interstitial Social Space in China: The Case of a Jiangnan Three-Self Church, 2015-2026",10*The Contraction of Religion's Interstitial Social Space in China,"10*The Contraction of Religion's Interstitial Social Space in China: The Case of a Jiangnan Three-Self Church, 2015-2026
",,"10*The Contraction of Religion's Interstitial Social Space in China: The Case of a Jiangnan Three-Self Church, 2015-2026

Rogers, Megan
Duke Kunshan University
Tian, Zhenyu
Duke Kunshan University
Lou, Haozhe
Duke Kunshan University",,"10*The Contraction of Religion's Interstitial Social Space in China: The Case of a Jiangnan Three-Self Church, 2015-2026
Rogers, Megan
Duke Kunshan University
Tian, Zhenyu
Duke Kunshan University
Lou, Haozhe
Duke Kunshan University"
DAY 2,2026-07-02,09:15-10:45,Room B,"2*Transnational Religious Networks of  Mongolia and the Mongolian Diaspora 
in the United States
Takizawa, Katsuhiko
Osaka University Of Economics",54,2,Transnational Religious Networks of  Mongolia and the Mongolian Diaspora ,Transnational Religious Networks of Mongolia and the Mongolian Diaspora in the United States,2*Transnational Religious Networks of  Mongolia and the Mongolian Diaspora ,"2*Transnational Religious Networks of Mongolia and the Mongolian Diaspora in the United States
",,"2*Transnational Religious Networks of Mongolia and the Mongolian Diaspora in the United States

in the United States
Takizawa, Katsuhiko
Osaka University Of Economics",,"2*Transnational Religious Networks of Mongolia and the Mongolian Diaspora in the United States
in the United States
Takizawa, Katsuhiko
Osaka University Of Economics"
DAY 2,2026-07-02,09:15-10:45,Room B,"122*Institutional Identity Structure and Its Construction Logic of 
Contemporary Chinese Buddhist Monastics
Weng, Kangjian
Shantou University",55,122,Institutional Identity Structure and Its Construction Logic of ,Institutional Identity Structure and Its Construction Logic of Contemporary Chinese Buddhist Monastics,122*Institutional Identity Structure and Its Construction Logic of ,"122*Institutional Identity Structure and Its Construction Logic of Contemporary Chinese Buddhist Monastics
",,"122*Institutional Identity Structure and Its Construction Logic of Contemporary Chinese Buddhist Monastics

Contemporary Chinese Buddhist Monastics
Weng, Kangjian
Shantou University",,"122*Institutional Identity Structure and Its Construction Logic of Contemporary Chinese Buddhist Monastics
Contemporary Chinese Buddhist Monastics
Weng, Kangjian
Shantou University"
DAY 2,2026-07-02,09:15-10:45,Room C,Religion and Social Theory II,56,Religion and Social Theory II,,,Religion and Social Theory II,,,,,
DAY 2,2026-07-02,09:15-10:45,Room C,"62*The Ontological Status of the Sacred in the Age of AI
Linh, Trinh Ngoc
Vietnam National University",57,62,The Ontological Status of the Sacred in the Age of AI,"The Ontological Status of the Sacred in the Age of AI: From ""Mind"" and ""Principle"" to Hyper-Reality",62*The Ontological Status of the Sacred in the Age of AI,"62*The Ontological Status of the Sacred in the Age of AI: From ""Mind"" and ""Principle"" to Hyper-Reality
",,"62*The Ontological Status of the Sacred in the Age of AI: From ""Mind"" and ""Principle"" to Hyper-Reality

Linh, Trinh Ngoc
Vietnam National University",,"62*The Ontological Status of the Sacred in the Age of AI: From ""Mind"" and ""Principle"" to Hyper-Reality
Linh, Trinh Ngoc
Vietnam National University"
DAY 2,2026-07-02,09:15-10:45,Room C,"64*Abiding Nowhere
Liu, Yining
Dharma Drum Institute Of Liberal Arts",58,64,Abiding Nowhere,Abiding Nowhere: An Inquiry into the Diamond Sutra in the Perspective of Liquid Modernity,64*Abiding Nowhere,"64*Abiding Nowhere: An Inquiry into the Diamond Sutra in the Perspective of Liquid Modernity
",,"64*Abiding Nowhere: An Inquiry into the Diamond Sutra in the Perspective of Liquid Modernity

Liu, Yining
Dharma Drum Institute Of Liberal Arts",,"64*Abiding Nowhere: An Inquiry into the Diamond Sutra in the Perspective of Liquid Modernity
Liu, Yining
Dharma Drum Institute Of Liberal Arts"
DAY 2,2026-07-02,09:15-10:45,Room C,"125*Rhizomatic Religion and Cosmovisiones
Oostveen, Daan F.
University Of Humanistic Studies",59,125,Rhizomatic Religion and Cosmovisiones,Rhizomatic Religion and Cosmovisiones,125*Rhizomatic Religion and Cosmovisiones,"125*Rhizomatic Religion and Cosmovisiones
",,"125*Rhizomatic Religion and Cosmovisiones

Oostveen, Daan F.
University Of Humanistic Studies",,"125*Rhizomatic Religion and Cosmovisiones
Oostveen, Daan F.
University Of Humanistic Studies"
DAY 2,2026-07-02,09:15-10:45,Room C,"76*Unify by Mission
Tsai, En-Ya
University Of Notre Dame",60,76,Unify by Mission,Unify by Mission: Evangelical Network Growth via Intragroup Tensions,76*Unify by Mission,"76*Unify by Mission: Evangelical Network Growth via Intragroup Tensions
",,"76*Unify by Mission: Evangelical Network Growth via Intragroup Tensions

Tsai, En-Ya
University Of Notre Dame",,"76*Unify by Mission: Evangelical Network Growth via Intragroup Tensions
Tsai, En-Ya
University Of Notre Dame"
DAY 2,2026-07-02,09:15-10:45,Room D,Religions in Southeast Asia II,61,Religions in Southeast Asia II,,,Religions in Southeast Asia II,,,,,
DAY 2,2026-07-02,09:15-10:45,Room D,"109*An Overview of Cross-Ethnic Religious Practices in Contemporary Indonesian Buddhism
Chiu, Tzu-Lung
Nashua University",62,109,An Overview of Cross-Ethnic Religious Practices in Contemporary Indonesian Buddhism,An Overview of Cross-ethnic Religious Practices in Contemporary Indonesian Buddhism: A Case Study of the Sangha Agung Indonesia,109*An Overview of Cross-Ethnic Religious Practices in Contemporary Indonesian Buddhism,"109*An Overview of Cross-ethnic Religious Practices in Contemporary Indonesian Buddhism: A Case Study of the Sangha Agung Indonesia
",,"109*An Overview of Cross-ethnic Religious Practices in Contemporary Indonesian Buddhism: A Case Study of the Sangha Agung Indonesia

Chiu, Tzu-Lung
Nashua University",,"109*An Overview of Cross-ethnic Religious Practices in Contemporary Indonesian Buddhism: A Case Study of the Sangha Agung Indonesia
Chiu, Tzu-Lung
Nashua University"
DAY 2,2026-07-02,09:15-10:45,Room D,"70*Beyond Sinicization
Lin, Yu-Sheng
Academia Sinica",63,70,Beyond Sinicization,Beyond Sinicization: From Datuk Gong to To Worship in Multi-Ethnic Southern Thailand,70*Beyond Sinicization,"70*Beyond Sinicization: From Datuk Gong to To Worship in Multi-Ethnic Southern Thailand
",,"70*Beyond Sinicization: From Datuk Gong to To Worship in Multi-Ethnic Southern Thailand

Lin, Yu-Sheng
Academia Sinica",,"70*Beyond Sinicization: From Datuk Gong to To Worship in Multi-Ethnic Southern Thailand
Lin, Yu-Sheng
Academia Sinica"
DAY 2,2026-07-02,09:15-10:45,Room D,"71*Chris Maria
Xu, Mingqian
Academia Sinica",64,71,Chris Maria,Chris Maria: Goddess in Cross-Cultural Maritime Belief?,71*Chris Maria,"71*Chris Maria: Goddess in Cross-Cultural Maritime Belief?
",,"71*Chris Maria: Goddess in Cross-Cultural Maritime Belief?

Xu, Mingqian
Academia Sinica",,"71*Chris Maria: Goddess in Cross-Cultural Maritime Belief?
Xu, Mingqian
Academia Sinica"
DAY 2,2026-07-02,09:15-10:45,Room D,"88*Beyond Guan Yin's Shadow
Sam, Li Ying
University Of Colombo",65,88,Beyond Guan Yin's Shadow,Beyond Guan Yin's Shadow: Zhao Cai Tong Zi (招财童子) and the Dynamics of Folk Buddhist Deity Centralization in Malaysia,88*Beyond Guan Yin's Shadow,"88*Beyond Guan Yin's Shadow: Zhao Cai Tong Zi (招财童子) and the Dynamics of Folk Buddhist Deity Centralization in Malaysia
",,"88*Beyond Guan Yin's Shadow: Zhao Cai Tong Zi (招财童子) and the Dynamics of Folk Buddhist Deity Centralization in Malaysia

Sam, Li Ying
University Of Colombo",,"88*Beyond Guan Yin's Shadow: Zhao Cai Tong Zi (招财童子) and the Dynamics of Folk Buddhist Deity Centralization in Malaysia
Sam, Li Ying
University Of Colombo"
DAY 2,2026-07-02,10:45-11:00,,BREAK,66,BREAK,,,BREAK,,,,,
DAY 2,2026-07-02,11:00-12:10,Room A,"Religion, Social Conflict and War",67,"Religion, Social Conflict and War",,,"Religion, Social Conflict and War",,,,,
DAY 2,2026-07-02,11:00-12:10,Room A,"5*Two Impeachments and the Development of Protestant Fundamentalism in Korea
Jang, Hyung Chull
Induk University",68,5,Two Impeachments and the Development of Protestant Fundamentalism in Korea,Two Impeachments and the Development of Protestant Fundamentalism in Korea: Mobilizing Infrastructures and Justificatory Frames in the Park and Yoon Cases,5*Two Impeachments and the Development of Protestant Fundamentalism in Korea,"5*Two Impeachments and the Development of Protestant Fundamentalism in Korea: Mobilizing Infrastructures and Justificatory Frames in the Park and Yoon Cases
",,"5*Two Impeachments and the Development of Protestant Fundamentalism in Korea: Mobilizing Infrastructures and Justificatory Frames in the Park and Yoon Cases

Jang, Hyung Chull
Induk University",,"5*Two Impeachments and the Development of Protestant Fundamentalism in Korea: Mobilizing Infrastructures and Justificatory Frames in the Park and Yoon Cases
Jang, Hyung Chull
Induk University"
DAY 2,2026-07-02,11:00-12:10,Room A,"77*Why Did the Monks Take Part in The Imjin War
Kim, Sung-Eun Thomas
Dongguk University",69,77,Why Did the Monks Take Part in The Imjin War,Why did the Monks Take Part in the Imjin War?: A Question of Corrupted Monks or Institutional Necessity,77*Why Did the Monks Take Part in The Imjin War,"77*Why did the Monks Take Part in the Imjin War?: A Question of Corrupted Monks or Institutional Necessity
",,"77*Why did the Monks Take Part in the Imjin War?: A Question of Corrupted Monks or Institutional Necessity

Kim, Sung-Eun Thomas
Dongguk University",,"77*Why did the Monks Take Part in the Imjin War?: A Question of Corrupted Monks or Institutional Necessity
Kim, Sung-Eun Thomas
Dongguk University"
DAY 2,2026-07-02,11:00-12:10,Room A,"85*The Unexamined Unification Church in Japan
Sakurai, Yoshihide
Hokkaido University",70,85,The Unexamined Unification Church in Japan,The Unexamined Unification Church in Japan: The Trial of the Suspect in the Assassination of Former Prime Minister Shinzo Abe,85*The Unexamined Unification Church in Japan,"85*The Unexamined Unification Church in Japan: The Trial of the Suspect in the Assassination of Former Prime Minister Shinzo Abe
",,"85*The Unexamined Unification Church in Japan: The Trial of the Suspect in the Assassination of Former Prime Minister Shinzo Abe

Sakurai, Yoshihide
Hokkaido University",,"85*The Unexamined Unification Church in Japan: The Trial of the Suspect in the Assassination of Former Prime Minister Shinzo Abe
Sakurai, Yoshihide
Hokkaido University"
DAY 2,2026-07-02,11:00-12:10,Room B,"Ritual, Festival and Religion I",71,"Ritual, Festival and Religion I",,,"Ritual, Festival and Religion I",,,,,
DAY 2,2026-07-02,11:00-12:10,Room B,"127*Buddha's Birthday Celebrations and the Social Impact of Buddhist Organizations 
in Hong Kong
Wang, Bing
Hong Kong Chu Hai College",72,127,Buddha's Birthday Celebrations and the Social Impact of Buddhist Organizations ,Buddha's Birthday Celebrations and the Social Impact of Buddhist Organizations in Hong Kong: A Case Study of the Hong Kong Buddhist Association and Fo Guang Vihara Hong Kong,127*Buddha's Birthday Celebrations and the Social Impact of Buddhist Organizations ,"127*Buddha's Birthday Celebrations and the Social Impact of Buddhist Organizations in Hong Kong: A Case Study of the Hong Kong Buddhist Association and Fo Guang Vihara Hong Kong
",,"127*Buddha's Birthday Celebrations and the Social Impact of Buddhist Organizations in Hong Kong: A Case Study of the Hong Kong Buddhist Association and Fo Guang Vihara Hong Kong

in Hong Kong
Wang, Bing
Hong Kong Chu Hai College",,"127*Buddha's Birthday Celebrations and the Social Impact of Buddhist Organizations in Hong Kong: A Case Study of the Hong Kong Buddhist Association and Fo Guang Vihara Hong Kong
in Hong Kong
Wang, Bing
Hong Kong Chu Hai College"
DAY 2,2026-07-02,11:00-12:10,Room B,"3*The Localization of Humanistic Buddhism in Latin America
Chi, Wei-Hsian
Academia Sinica",73,3,The Localization of Humanistic Buddhism in Latin America,The Localization of Humanistic Buddhism in Latin America: The Global Outreach of Fo Guang Shan,3*The Localization of Humanistic Buddhism in Latin America,"3*The Localization of Humanistic Buddhism in Latin America: The Global Outreach of Fo Guang Shan
",,"3*The Localization of Humanistic Buddhism in Latin America: The Global Outreach of Fo Guang Shan

Chi, Wei-Hsian
Academia Sinica",,"3*The Localization of Humanistic Buddhism in Latin America: The Global Outreach of Fo Guang Shan
Chi, Wei-Hsian
Academia Sinica"
DAY 2,2026-07-02,11:00-12:10,Room B,"32*When Buddha Meets the Gods
Venerable Miaogon 妙功法師
Fo Guang Shan Buddha Musem Academic Development Committee (佛光山佛陀紀念館學術發展委員會)",74,32,When Buddha Meets the Gods,When Buddha Meets the Gods- A Religious Carnival of Human Connection（世界神明聯誼會-人與人之間的宗教嘉年華）,32*When Buddha Meets the Gods,"32*When Buddha Meets the Gods- A Religious Carnival of Human Connection（世界神明聯誼會-人與人之間的宗教嘉年華）
",,"32*When Buddha Meets the Gods- A Religious Carnival of Human Connection（世界神明聯誼會-人與人之間的宗教嘉年華）

Venerable Miaogon 妙功法師
Fo Guang Shan Buddha Musem Academic Development Committee (佛光山佛陀紀念館學術發展委員會)",,"32*When Buddha Meets the Gods- A Religious Carnival of Human Connection（世界神明聯誼會-人與人之間的宗教嘉年華）
Venerable Miaogon 妙功法師
Fo Guang Shan Buddha Musem Academic Development Committee (佛光山佛陀紀念館學術發展委員會)"
DAY 2,2026-07-02,11:00-12:10,Room C,Religion and Social Theory III,75,Religion and Social Theory III,,,Religion and Social Theory III,,,,,
DAY 2,2026-07-02,11:00-12:10,Room C,"12*Latent and Syncretic Patterns of Religiosity In Contemporary Urban China
Yang, Xiaozhao
Sun Yat-Sen University",76,12,Latent and Syncretic Patterns of Religiosity In Contemporary Urban China,Latent and Syncretic Patterns of Religiosity in Contemporary Urban China,12*Latent and Syncretic Patterns of Religiosity In Contemporary Urban China,"12*Latent and Syncretic Patterns of Religiosity in Contemporary Urban China
",,"12*Latent and Syncretic Patterns of Religiosity in Contemporary Urban China

Yang, Xiaozhao
Sun Yat-Sen University",,"12*Latent and Syncretic Patterns of Religiosity in Contemporary Urban China
Yang, Xiaozhao
Sun Yat-Sen University"
DAY 2,2026-07-02,11:00-12:10,Room C,"106*The Sacred and the Social
Younas, Albert
University Of Zurich",77,106,The Sacred and the Social,The Sacred and the Social: Examining Religion via Social Theory,106*The Sacred and the Social,"106*The Sacred and the Social: Examining Religion via Social Theory
",,"106*The Sacred and the Social: Examining Religion via Social Theory

Younas, Albert
University Of Zurich",,"106*The Sacred and the Social: Examining Religion via Social Theory
Younas, Albert
University Of Zurich"
DAY 2,2026-07-02,11:00-12:10,Room C,"111*From Charismatic Technology to Generative Charisma
Lim, Francis Khek Gee
Nanyang Technological University",78,111,From Charismatic Technology to Generative Charisma,From Charismatic Technology to Generative Charisma:  Understanding Technology and Religion in the Age of A.I.,111*From Charismatic Technology to Generative Charisma,"111*From Charismatic Technology to Generative Charisma:  Understanding Technology and Religion in the Age of A.I.
",,"111*From Charismatic Technology to Generative Charisma:  Understanding Technology and Religion in the Age of A.I.

Lim, Francis Khek Gee
Nanyang Technological University",,"111*From Charismatic Technology to Generative Charisma:  Understanding Technology and Religion in the Age of A.I.
Lim, Francis Khek Gee
Nanyang Technological University"
DAY 2,2026-07-02,11:00-12:10,Room D,"Migration, Politics and Religion III",79,"Migration, Politics and Religion III",,,"Migration, Politics and Religion III",,,,,
DAY 2,2026-07-02,11:00-12:10,Room D,"14*Religious Nationalism
Chaopreecha, Jakraphan
Prince Of Songkla University, Phuket",80,14,Religious Nationalism,"Religious Nationalism: The Reconfiguration of Taoism, Mahayana Buddhism, and Shamanic Cultures in Phuket, Thailand",14*Religious Nationalism,"14*Religious Nationalism: The Reconfiguration of Taoism, Mahayana Buddhism, and Shamanic Cultures in Phuket, Thailand
",,"14*Religious Nationalism: The Reconfiguration of Taoism, Mahayana Buddhism, and Shamanic Cultures in Phuket, Thailand

Chaopreecha, Jakraphan
Prince Of Songkla University, Phuket",,"14*Religious Nationalism: The Reconfiguration of Taoism, Mahayana Buddhism, and Shamanic Cultures in Phuket, Thailand
Chaopreecha, Jakraphan
Prince Of Songkla University, Phuket"
DAY 2,2026-07-02,11:00-12:10,Room D,"24*Building Bridges
Wangka, Yusmiati Vistamika
Individual",81,24,Building Bridges,Building Bridges: Faith-based Support for Migrant Domestic Workers,24*Building Bridges,"24*Building Bridges: Faith-based Support for Migrant Domestic Workers
",,"24*Building Bridges: Faith-based Support for Migrant Domestic Workers

Wangka, Yusmiati Vistamika
Individual",,"24*Building Bridges: Faith-based Support for Migrant Domestic Workers
Wangka, Yusmiati Vistamika
Individual"
DAY 2,2026-07-02,11:00-12:10,Room D,"6*Transnational Networks of Overseas Vietnamese Buddhist Temples
Kiyofuji, Ryushun
University Of Kitakyushu",82,6,Transnational Networks of Overseas Vietnamese Buddhist Temples,Transnational Networks of Overseas Vietnamese Buddhist Temples: Japan's Relational Position in Regional and Digital Connectivity,6*Transnational Networks of Overseas Vietnamese Buddhist Temples,"6*Transnational Networks of Overseas Vietnamese Buddhist Temples: Japan's Relational Position in Regional and Digital Connectivity
",,"6*Transnational Networks of Overseas Vietnamese Buddhist Temples: Japan's Relational Position in Regional and Digital Connectivity

Kiyofuji, Ryushun
University Of Kitakyushu",,"6*Transnational Networks of Overseas Vietnamese Buddhist Temples: Japan's Relational Position in Regional and Digital Connectivity
Kiyofuji, Ryushun
University Of Kitakyushu"
DAY 2,2026-07-02,12:10-13:30,,LUNCH,83,LUNCH,,,LUNCH,,,,,
DAY 2,2026-07-02,13:30-15:00,Room A,"Dao, Crisis, and Adaptation",84,"Dao, Crisis, and Adaptation",,,"Dao, Crisis, and Adaptation",,,,,
DAY 2,2026-07-02,13:30-15:00,Room A,"56*Politicized Dao
Broy, Nikolas
Rikkyo University",85,56,Politicized Dao,"Politicized Dao: Propaganda and Antireligious Literacy in the Anti-Yiguandao Campaigns in the Early People's Republic of China, 1949-1953",56*Politicized Dao,"56*Politicized Dao: Propaganda and Antireligious Literacy in the Anti-Yiguandao Campaigns in the Early People's Republic of China, 1949-1953
",,"56*Politicized Dao: Propaganda and Antireligious Literacy in the Anti-Yiguandao Campaigns in the Early People's Republic of China, 1949-1953

Broy, Nikolas
Rikkyo University",,"56*Politicized Dao: Propaganda and Antireligious Literacy in the Anti-Yiguandao Campaigns in the Early People's Republic of China, 1949-1953
Broy, Nikolas
Rikkyo University"
DAY 2,2026-07-02,13:30-15:00,Room A,"43*Modern Missionaries
Fastovsky, Naomi
Harvard University",86,43,Modern Missionaries,Modern Missionaries: Developing a Power-Sensitive Theory of Transnational Chinese Religious Propagation,43*Modern Missionaries,"43*Modern Missionaries: Developing a Power-Sensitive Theory of Transnational Chinese Religious Propagation
",,"43*Modern Missionaries: Developing a Power-Sensitive Theory of Transnational Chinese Religious Propagation

Fastovsky, Naomi
Harvard University",,"43*Modern Missionaries: Developing a Power-Sensitive Theory of Transnational Chinese Religious Propagation
Fastovsky, Naomi
Harvard University"
DAY 2,2026-07-02,13:30-15:00,Room A,"80*Religious Security in a World of Disasters
Ng, William
National Taiwan Normal University",87,80,Religious Security in a World of Disasters,Religious Security in a World of Disasters: The Environmental Turn of Vegetarian Discourse in Yiguandao and the Construction of Dual Security,80*Religious Security in a World of Disasters,"80*Religious Security in a World of Disasters: The Environmental Turn of Vegetarian Discourse in Yiguandao and the Construction of Dual Security
",,"80*Religious Security in a World of Disasters: The Environmental Turn of Vegetarian Discourse in Yiguandao and the Construction of Dual Security

Ng, William
National Taiwan Normal University",,"80*Religious Security in a World of Disasters: The Environmental Turn of Vegetarian Discourse in Yiguandao and the Construction of Dual Security
Ng, William
National Taiwan Normal University"
DAY 2,2026-07-02,13:30-15:00,Room A,"47*Interpreting Manifestation and Resonance as Religious Experience
Shen, Yeh-Ying
Singapore University of Social Sciences",88,47,Interpreting Manifestation and Resonance as Religious Experience,Interpreting Manifestation and Resonance as Religious Experience: Yiguandao Field Narratives in Indonesia,47*Interpreting Manifestation and Resonance as Religious Experience,"47*Interpreting Manifestation and Resonance as Religious Experience: Yiguandao Field Narratives in Indonesia
",,"47*Interpreting Manifestation and Resonance as Religious Experience: Yiguandao Field Narratives in Indonesia

Shen, Yeh-Ying
Singapore University of Social Sciences",,"47*Interpreting Manifestation and Resonance as Religious Experience: Yiguandao Field Narratives in Indonesia
Shen, Yeh-Ying
Singapore University of Social Sciences"
DAY 2,2026-07-02,13:30-15:00,Room B,Civil Religion and Religious Social Engagement,89,Civil Religion and Religious Social Engagement,,,Civil Religion and Religious Social Engagement,,,,,
DAY 2,2026-07-02,13:30-15:00,Room B,"96*Exploring Faith-Based Active Citizenship
Chan, Shun Hing
Hong Kong Baptist University",90,96,Exploring Faith-Based Active Citizenship,Exploring Faith-based Active Citizenship: The Hong Kong Christian Industrial Committee and Its Role in the Labor Movement,96*Exploring Faith-Based Active Citizenship,"96*Exploring Faith-based Active Citizenship: The Hong Kong Christian Industrial Committee and Its Role in the Labor Movement
",,"96*Exploring Faith-based Active Citizenship: The Hong Kong Christian Industrial Committee and Its Role in the Labor Movement

Chan, Shun Hing
Hong Kong Baptist University",,"96*Exploring Faith-based Active Citizenship: The Hong Kong Christian Industrial Committee and Its Role in the Labor Movement
Chan, Shun Hing
Hong Kong Baptist University"
DAY 2,2026-07-02,13:30-15:00,Room B,"51*Syncretism of Buddhism and Daoism in Community Culture
Wong, Hau Sze
Saint Francis University",91,51,Syncretism of Buddhism and Daoism in Community Culture,Syncretism of Buddhism and Daoism in Community Culture: The Religious Life of Kam Tin and Sha Tin Nine Alliances Jiao Festivals（佛道合流與社群文化：錦田鄉與沙田九約太平清醮的宗教生活）,51*Syncretism of Buddhism and Daoism in Community Culture,"51*Syncretism of Buddhism and Daoism in Community Culture: The Religious Life of Kam Tin and Sha Tin Nine Alliances Jiao Festivals（佛道合流與社群文化：錦田鄉與沙田九約太平清醮的宗教生活）
",,"51*Syncretism of Buddhism and Daoism in Community Culture: The Religious Life of Kam Tin and Sha Tin Nine Alliances Jiao Festivals（佛道合流與社群文化：錦田鄉與沙田九約太平清醮的宗教生活）

Wong, Hau Sze
Saint Francis University",,"51*Syncretism of Buddhism and Daoism in Community Culture: The Religious Life of Kam Tin and Sha Tin Nine Alliances Jiao Festivals（佛道合流與社群文化：錦田鄉與沙田九約太平清醮的宗教生活）
Wong, Hau Sze
Saint Francis University"
DAY 2,2026-07-02,13:30-15:00,Room B,"21*Religion and Society
Liu, Wei Ting
Tamkang University General Education and Core Curriculum Center",92,21,Religion and Society,Religion and Society: How University Courses Can Connect with Religion in Taiwan,21*Religion and Society,"21*Religion and Society: How University Courses Can Connect with Religion in Taiwan
",,"21*Religion and Society: How University Courses Can Connect with Religion in Taiwan

Liu, Wei Ting
Tamkang University General Education and Core Curriculum Center",,"21*Religion and Society: How University Courses Can Connect with Religion in Taiwan
Liu, Wei Ting
Tamkang University General Education and Core Curriculum Center"
DAY 2,2026-07-02,13:30-15:00,Room B,"84*Building the Kingdom
Yeh, Shu-Ling
National Taitung University
Lau, Sin Wen
University of Otago",93,84,Building the Kingdom,"Building the Kingdom: Infrastructuring Religion and the Formation of a Worker-Student Subjectivity in Taitung, Taiwan",84*Building the Kingdom,"84*Building the Kingdom: Infrastructuring Religion and the Formation of a Worker-Student Subjectivity in Taitung, Taiwan
",,"84*Building the Kingdom: Infrastructuring Religion and the Formation of a Worker-Student Subjectivity in Taitung, Taiwan

Yeh, Shu-Ling
National Taitung University
Lau, Sin Wen
University of Otago",,"84*Building the Kingdom: Infrastructuring Religion and the Formation of a Worker-Student Subjectivity in Taitung, Taiwan
Yeh, Shu-Ling
National Taitung University
Lau, Sin Wen
University of Otago"
DAY 2,2026-07-02,13:30-15:00,Room C,Religion in Quantitative Focus,94,Religion in Quantitative Focus,,,Religion in Quantitative Focus,,,,,
DAY 2,2026-07-02,13:30-15:00,Room C,"63*Religious Practice and Negative Life Attitudes
Fan, Gang-Hua
Soochow University",95,63,Religious Practice and Negative Life Attitudes,Religious Practice and Negative Life Attitudes: A Comparison Between Taiwan Soka Gakkai Members and Other Buddhists,63*Religious Practice and Negative Life Attitudes,"63*Religious Practice and Negative Life Attitudes: A Comparison Between Taiwan Soka Gakkai Members and Other Buddhists
",,"63*Religious Practice and Negative Life Attitudes: A Comparison Between Taiwan Soka Gakkai Members and Other Buddhists

Fan, Gang-Hua
Soochow University",,"63*Religious Practice and Negative Life Attitudes: A Comparison Between Taiwan Soka Gakkai Members and Other Buddhists
Fan, Gang-Hua
Soochow University"
DAY 2,2026-07-02,13:30-15:00,Room C,"116*How Religion and Religiosity Shape Subjective Well-Being
Hwang, Myeong Hwan
Yonsei University",96,116,How Religion and Religiosity Shape Subjective Well-Being,How Religion and Religiosity Shape Subjective Well-Being? The Mediating Role of Social Isolation,116*How Religion and Religiosity Shape Subjective Well-Being,"116*How Religion and Religiosity Shape Subjective Well-Being? The Mediating Role of Social Isolation
",,"116*How Religion and Religiosity Shape Subjective Well-Being? The Mediating Role of Social Isolation

Hwang, Myeong Hwan
Yonsei University",,"116*How Religion and Religiosity Shape Subjective Well-Being? The Mediating Role of Social Isolation
Hwang, Myeong Hwan
Yonsei University"
DAY 2,2026-07-02,13:30-15:00,Room C,"72*Transcending the Self or Loving Thy Neighbor
Su, Kuo-Hsien
National Taiwan University",97,72,Transcending the Self or Loving Thy Neighbor,Transcending the Self or Loving Thy Neighbor? Religious Traditions and Core Discussion Networks in East Asia,72*Transcending the Self or Loving Thy Neighbor,"72*Transcending the Self or Loving Thy Neighbor? Religious Traditions and Core Discussion Networks in East Asia
",,"72*Transcending the Self or Loving Thy Neighbor? Religious Traditions and Core Discussion Networks in East Asia

Su, Kuo-Hsien
National Taiwan University",,"72*Transcending the Self or Loving Thy Neighbor? Religious Traditions and Core Discussion Networks in East Asia
Su, Kuo-Hsien
National Taiwan University"
DAY 2,2026-07-02,13:30-15:00,Room C,"40*Religious Diversity Around the World
Tong, Yunping
Pew Research Center",98,40,Religious Diversity Around the World,Religious Diversity Around the World,40*Religious Diversity Around the World,"40*Religious Diversity Around the World
",,"40*Religious Diversity Around the World

Tong, Yunping
Pew Research Center",,"40*Religious Diversity Around the World
Tong, Yunping
Pew Research Center"
DAY 2,2026-07-02,13:30-15:00,Room D,Religious Identity in the Digital Age,99,Religious Identity in the Digital Age,,,Religious Identity in the Digital Age,,,,,
DAY 2,2026-07-02,13:30-15:00,Room D,"36*The Relationship of Youth with Hui Ethnicity and Islam in Modern Chinese City
Gao, Tianlin
Hokkaido University",100,36,The Relationship of Youth with Hui Ethnicity and Islam in Modern Chinese City,The Relationship of Youth with Hui Ethnicity and Islam in Modern Chinese City: A Case Study based in Shenzhen,36*The Relationship of Youth with Hui Ethnicity and Islam in Modern Chinese City,"36*The Relationship of Youth with Hui Ethnicity and Islam in Modern Chinese City: A Case Study based in Shenzhen
",,"36*The Relationship of Youth with Hui Ethnicity and Islam in Modern Chinese City: A Case Study based in Shenzhen

Gao, Tianlin
Hokkaido University",,"36*The Relationship of Youth with Hui Ethnicity and Islam in Modern Chinese City: A Case Study based in Shenzhen
Gao, Tianlin
Hokkaido University"
DAY 2,2026-07-02,13:30-15:00,Room D,"79*Perception of AI Civilization in Daesoon Thought
Joo, Soyeon
Daejin University
Lee, Gyungwon
Daejin University",101,79,Perception of AI Civilization in Daesoon Thought,Perception of AI Civilization in Daesoon Thought,79*Perception of AI Civilization in Daesoon Thought,"79*Perception of AI Civilization in Daesoon Thought
",,"79*Perception of AI Civilization in Daesoon Thought

Joo, Soyeon
Daejin University
Lee, Gyungwon
Daejin University",,"79*Perception of AI Civilization in Daesoon Thought
Joo, Soyeon
Daejin University
Lee, Gyungwon
Daejin University"
DAY 2,2026-07-02,13:30-15:00,Room D,"129*Threads of Merit
Lin, Yu-Ting
National Tsing Hua University 
Huang, C. Julia
National Tsing Hua University",102,129,Threads of Merit,"Threads of Merit: Affect, Affordance, and Ethics in Digital Taiwan",129*Threads of Merit,"129*Threads of Merit: Affect, Affordance, and Ethics in Digital Taiwan
",,"129*Threads of Merit: Affect, Affordance, and Ethics in Digital Taiwan

Lin, Yu-Ting
National Tsing Hua University 
Huang, C. Julia
National Tsing Hua University",,"129*Threads of Merit: Affect, Affordance, and Ethics in Digital Taiwan
Lin, Yu-Ting
National Tsing Hua University 
Huang, C. Julia
National Tsing Hua University"
DAY 2,2026-07-02,13:30-15:00,Room D,"60*What Does It Mean to Answer ""Don't Know"" to Questions on Religious Belief
Shimizu, Koki
Doshisha University
Cha, Min Kyung
Kyung Hee University",103,60,"What Does It Mean to Answer ""Don't Know"" to Questions on Religious Belief","What Does It Mean to Answer ""Don't Know"" to Questions on Religious Belief? Patterns in the ISSP 2018 Japan Survey","60*What Does It Mean to Answer ""Don't Know"" to Questions on Religious Belief","60*What Does It Mean to Answer ""Don't Know"" to Questions on Religious Belief? Patterns in the ISSP 2018 Japan Survey
",,"60*What Does It Mean to Answer ""Don't Know"" to Questions on Religious Belief? Patterns in the ISSP 2018 Japan Survey

Shimizu, Koki
Doshisha University
Cha, Min Kyung
Kyung Hee University",,"60*What Does It Mean to Answer ""Don't Know"" to Questions on Religious Belief? Patterns in the ISSP 2018 Japan Survey
Shimizu, Koki
Doshisha University
Cha, Min Kyung
Kyung Hee University"
DAY 2,2026-07-02,15:00-15:20,,BREAK,104,BREAK,,,BREAK,,,,,
DAY 2,2026-07-02,15:20-16:30,Room A,Religion and Gender,105,Religion and Gender,,,Religion and Gender,,,,,
DAY 2,2026-07-02,15:20-16:30,Room A,"66*Between Legitimation and Marginalization
Ku, Ming-Chun
National Tsing Hua University",106,66,Between Legitimation and Marginalization,Between Legitimation and Marginalization: Female Spiritual Practitioners in Contemporary Chinese Mazu Belief,66*Between Legitimation and Marginalization,"66*Between Legitimation and Marginalization: Female Spiritual Practitioners in Contemporary Chinese Mazu Belief
",,"66*Between Legitimation and Marginalization: Female Spiritual Practitioners in Contemporary Chinese Mazu Belief

Ku, Ming-Chun
National Tsing Hua University",,"66*Between Legitimation and Marginalization: Female Spiritual Practitioners in Contemporary Chinese Mazu Belief
Ku, Ming-Chun
National Tsing Hua University"
DAY 2,2026-07-02,15:20-16:30,Room A,"61*The Guanyin's Power of Healing Recorded in the Buddhist Miracle Tales 
in the First Two Decades of Post-War Taiwan
Li, Yu-Chen
National Chengchi University",107,61,The Guanyin's Power of Healing Recorded in the Buddhist Miracle Tales ,The Guanyin's Power of Healing Recorded in the Buddhist Miracle Tales in the First Two Decades of Post-war Taiwan,61*The Guanyin's Power of Healing Recorded in the Buddhist Miracle Tales ,"61*The Guanyin's Power of Healing Recorded in the Buddhist Miracle Tales in the First Two Decades of Post-war Taiwan
",,"61*The Guanyin's Power of Healing Recorded in the Buddhist Miracle Tales in the First Two Decades of Post-war Taiwan

in the First Two Decades of Post-War Taiwan
Li, Yu-Chen
National Chengchi University",,"61*The Guanyin's Power of Healing Recorded in the Buddhist Miracle Tales in the First Two Decades of Post-war Taiwan
in the First Two Decades of Post-War Taiwan
Li, Yu-Chen
National Chengchi University"
DAY 2,2026-07-02,15:20-16:30,Room A,"68*Open Places, Transnational Networks
Huang, Weishan
Hong Kong Shue Yan University",108,68,"Open Places, Transnational Networks","""Open Places, Transnational Networks: Guanyin Citta and the Relational Infrastructures of Urban Buddhism""","68*Open Places, Transnational Networks","68*""Open Places, Transnational Networks: Guanyin Citta and the Relational Infrastructures of Urban Buddhism""
",,"68*""Open Places, Transnational Networks: Guanyin Citta and the Relational Infrastructures of Urban Buddhism""

Huang, Weishan
Hong Kong Shue Yan University",,"68*""Open Places, Transnational Networks: Guanyin Citta and the Relational Infrastructures of Urban Buddhism""
Huang, Weishan
Hong Kong Shue Yan University"
DAY 2,2026-07-02,15:20-16:30,Room B,"Religious Transmission and Informal Islamic Education 
in South Korea and Taiwan",109,Religious Transmission and Informal Islamic Education ,,,Religious Transmission and Informal Islamic Education ,,,,,
DAY 2,2026-07-02,15:20-16:30,Room B,"49*Negotiating Islamic Education
Chiou, Syuan Yuan
National Chengchi University",110,49,Negotiating Islamic Education,"Negotiating Islamic Education: Migrant Muslim Motherhood, Informal Schooling, and Religious Adaptation in Taiwan",49*Negotiating Islamic Education,"49*Negotiating Islamic Education: Migrant Muslim Motherhood, Informal Schooling, and Religious Adaptation in Taiwan
",,"49*Negotiating Islamic Education: Migrant Muslim Motherhood, Informal Schooling, and Religious Adaptation in Taiwan

Chiou, Syuan Yuan
National Chengchi University",,"49*Negotiating Islamic Education: Migrant Muslim Motherhood, Informal Schooling, and Religious Adaptation in Taiwan
Chiou, Syuan Yuan
National Chengchi University"
DAY 2,2026-07-02,15:20-16:30,Room B,"50*Preserving Faith Abroad
Burhan, Amelia
University Of Indonesia",111,50,Preserving Faith Abroad,"Preserving Faith Abroad: Islamic Education, Islamic School, and Indonesian Muslim Mothers in Educating Children in South Korea",50*Preserving Faith Abroad,"50*Preserving Faith Abroad: Islamic Education, Islamic School, and Indonesian Muslim Mothers in Educating Children in South Korea
",,"50*Preserving Faith Abroad: Islamic Education, Islamic School, and Indonesian Muslim Mothers in Educating Children in South Korea

Burhan, Amelia
University Of Indonesia",,"50*Preserving Faith Abroad: Islamic Education, Islamic School, and Indonesian Muslim Mothers in Educating Children in South Korea
Burhan, Amelia
University Of Indonesia"
DAY 2,2026-07-02,15:20-16:30,Room B,"115*Teacher Involvement and Mental Health Support in Islamic Education in Taiwan
Kartina, Irna
National Taipei University
Chiou, Syuan-yuan
National Chengchi University",112,115,Teacher Involvement and Mental Health Support in Islamic Education in Taiwan,Teacher Involvement and Mental Health Support in Islamic Education in Taiwan,115*Teacher Involvement and Mental Health Support in Islamic Education in Taiwan,"115*Teacher Involvement and Mental Health Support in Islamic Education in Taiwan
",,"115*Teacher Involvement and Mental Health Support in Islamic Education in Taiwan

Kartina, Irna
National Taipei University
Chiou, Syuan-yuan
National Chengchi University",,"115*Teacher Involvement and Mental Health Support in Islamic Education in Taiwan
Kartina, Irna
National Taipei University
Chiou, Syuan-yuan
National Chengchi University"
DAY 2,2026-07-02,15:20-16:30,Room C,"Migration, Politics and Religion IV",113,"Migration, Politics and Religion IV",,,"Migration, Politics and Religion IV",,,,,
DAY 2,2026-07-02,15:20-16:30,Room C,"118*36 Years a Korean Jesuit in Japan
Kim, Allen
International Christian University",114,118,36 Years a Korean Jesuit in Japan,"36 Years a Korean Jesuit in Japan: Migration, Minority Belonging, and the Vocation of Staying",118*36 Years a Korean Jesuit in Japan,"118*36 Years a Korean Jesuit in Japan: Migration, Minority Belonging, and the Vocation of Staying
",,"118*36 Years a Korean Jesuit in Japan: Migration, Minority Belonging, and the Vocation of Staying

Kim, Allen
International Christian University",,"118*36 Years a Korean Jesuit in Japan: Migration, Minority Belonging, and the Vocation of Staying
Kim, Allen
International Christian University"
DAY 2,2026-07-02,15:20-16:30,Room C,"103*Charismatic Leadership in Korean-American Church
Kim, David W.
Australian National University / Kookmin University, Seoul",115,103,Charismatic Leadership in Korean-American Church,Charismatic Leadership in Korean-American Church: The Socio-religious Catalyst of a Boston Immigration Community,103*Charismatic Leadership in Korean-American Church,"103*Charismatic Leadership in Korean-American Church: The Socio-religious Catalyst of a Boston Immigration Community
",,"103*Charismatic Leadership in Korean-American Church: The Socio-religious Catalyst of a Boston Immigration Community

Kim, David W.
Australian National University / Kookmin University, Seoul",,"103*Charismatic Leadership in Korean-American Church: The Socio-religious Catalyst of a Boston Immigration Community
Kim, David W.
Australian National University / Kookmin University, Seoul"
DAY 2,2026-07-02,15:20-16:30,Room C,"120*Christianity in Hong Kong under Political Change
Ng, Ka Shing
Hokkaido University",116,120,Christianity in Hong Kong under Political Change,Christianity in Hong Kong Under Political Change: Strategies of Religious Adaptation,120*Christianity in Hong Kong under Political Change,"120*Christianity in Hong Kong Under Political Change: Strategies of Religious Adaptation
",,"120*Christianity in Hong Kong Under Political Change: Strategies of Religious Adaptation

Ng, Ka Shing
Hokkaido University",,"120*Christianity in Hong Kong Under Political Change: Strategies of Religious Adaptation
Ng, Ka Shing
Hokkaido University"
DAY 3,2026-07-03,09:15-10:45,Room A,"Religion, Gender and Sexuality",117,"Religion, Gender and Sexuality",,,"Religion, Gender and Sexuality",,,,,
DAY 3,2026-07-03,09:15-10:45,Room A,"57*Too Religious For Our Group
Yen, Tzu-Chien
Academia Sinica",118,57,Too Religious For Our Group,"Too Religious for Our Group: Digital Gate-Keeping, Queer Resilience, and the Threat of Religious Change",57*Too Religious For Our Group,"57*Too Religious for Our Group: Digital Gate-Keeping, Queer Resilience, and the Threat of Religious Change
",,"57*Too Religious for Our Group: Digital Gate-Keeping, Queer Resilience, and the Threat of Religious Change

Yen, Tzu-Chien
Academia Sinica",,"57*Too Religious for Our Group: Digital Gate-Keeping, Queer Resilience, and the Threat of Religious Change
Yen, Tzu-Chien
Academia Sinica"
DAY 3,2026-07-03,09:15-10:45,Room A,"98*Middle Women Rising (zhongnü jueqi)
Chen, Jialin
The University of Hong Kong
Wang, Yang
The University of Hong Kong",119,98,Middle Women Rising (zhongnü jueqi),"""Middle Women Rising (zhongnü jueqi)"": Framing Gendered Empowerment on Chinese Social Media",98*Middle Women Rising (zhongnü jueqi),"98*""Middle Women Rising (zhongnü jueqi)"": Framing Gendered Empowerment on Chinese Social Media
",,"98*""Middle Women Rising (zhongnü jueqi)"": Framing Gendered Empowerment on Chinese Social Media

Chen, Jialin
The University of Hong Kong
Wang, Yang
The University of Hong Kong",,"98*""Middle Women Rising (zhongnü jueqi)"": Framing Gendered Empowerment on Chinese Social Media
Chen, Jialin
The University of Hong Kong
Wang, Yang
The University of Hong Kong"
DAY 3,2026-07-03,09:15-10:45,Room A,"8*A Study on the Experience of LGBTQ+ Members of Soka Gakkai Japan
Colletti, Margot
Waseda University",120,8,A Study on the Experience of LGBTQ+ Members of Soka Gakkai Japan,A Study on the Experience of LGBTQ+ Members of Soka Gakkai Japan: What is there to be learnt about the Current Status of Gender Equality Advocacy within the Organisation?,8*A Study on the Experience of LGBTQ+ Members of Soka Gakkai Japan,"8*A Study on the Experience of LGBTQ+ Members of Soka Gakkai Japan: What is there to be learnt about the Current Status of Gender Equality Advocacy within the Organisation?
",,"8*A Study on the Experience of LGBTQ+ Members of Soka Gakkai Japan: What is there to be learnt about the Current Status of Gender Equality Advocacy within the Organisation?

Colletti, Margot
Waseda University",,"8*A Study on the Experience of LGBTQ+ Members of Soka Gakkai Japan: What is there to be learnt about the Current Status of Gender Equality Advocacy within the Organisation?
Colletti, Margot
Waseda University"
DAY 3,2026-07-03,09:15-10:45,Room A,"128*Healthy Families, Holy Nation
Ha, Hyun Jeong
Duke Kunshan University",121,128,"Healthy Families, Holy Nation"," ""Healthy Families, Holy Nation"": Transnational anti-Gender Politics in Contemporary South Korea","128*Healthy Families, Holy Nation","128* ""Healthy Families, Holy Nation"": Transnational anti-Gender Politics in Contemporary South Korea
",,"128* ""Healthy Families, Holy Nation"": Transnational anti-Gender Politics in Contemporary South Korea

Ha, Hyun Jeong
Duke Kunshan University",,"128* ""Healthy Families, Holy Nation"": Transnational anti-Gender Politics in Contemporary South Korea
Ha, Hyun Jeong
Duke Kunshan University"
DAY 3,2026-07-03,09:15-10:45,Room B,"Religion, Market and Economics",122,"Religion, Market and Economics",,,"Religion, Market and Economics",,,,,
DAY 3,2026-07-03,09:15-10:45,Room B,"45*Lucky Charms as Mobile Materiality
Hosono, Kazuto
University Of Tokyo",123,45,Lucky Charms as Mobile Materiality,"Lucky Charms as Mobile Materiality: Portability, Multiplicity, and Authenticity beyond the Sacred/Secular Divide",45*Lucky Charms as Mobile Materiality,"45*Lucky Charms as Mobile Materiality: Portability, Multiplicity, and Authenticity beyond the Sacred/Secular Divide
",,"45*Lucky Charms as Mobile Materiality: Portability, Multiplicity, and Authenticity beyond the Sacred/Secular Divide

Hosono, Kazuto
University Of Tokyo",,"45*Lucky Charms as Mobile Materiality: Portability, Multiplicity, and Authenticity beyond the Sacred/Secular Divide
Hosono, Kazuto
University Of Tokyo"
DAY 3,2026-07-03,09:15-10:45,Room B,"26*Biblically Responsible Investing as Religious Economic Practice
Kitani, Kanan
Doshisha University",124,26,Biblically Responsible Investing as Religious Economic Practice,Biblically Responsible Investing as Religious Economic Practice: Christian Normativity and Market Participation in the United States,26*Biblically Responsible Investing as Religious Economic Practice,"26*Biblically Responsible Investing as Religious Economic Practice: Christian Normativity and Market Participation in the United States
",,"26*Biblically Responsible Investing as Religious Economic Practice: Christian Normativity and Market Participation in the United States

Kitani, Kanan
Doshisha University",,"26*Biblically Responsible Investing as Religious Economic Practice: Christian Normativity and Market Participation in the United States
Kitani, Kanan
Doshisha University"
DAY 3,2026-07-03,09:15-10:45,Room B,"28*From Monopoly to Competition
Lin, Weizhi
Guangdong Ocean University",125,28,From Monopoly to Competition,From Monopoly to Competition: The Transformation of the Menjuan(门眷) System in Daoism in Western Guangdong,28*From Monopoly to Competition,"28*From Monopoly to Competition: The Transformation of the Menjuan(门眷) System in Daoism in Western Guangdong
",,"28*From Monopoly to Competition: The Transformation of the Menjuan(门眷) System in Daoism in Western Guangdong

Lin, Weizhi
Guangdong Ocean University",,"28*From Monopoly to Competition: The Transformation of the Menjuan(门眷) System in Daoism in Western Guangdong
Lin, Weizhi
Guangdong Ocean University"
DAY 3,2026-07-03,09:15-10:45,Room B,"13*Devotion, Discipline, and Capital
Tovankasame, Nicha
Prince Of Songkla University, Phuket Campus",126,13,"Devotion, Discipline, and Capital","Devotion, Discipline, and Capital: Rethinking Religion under Neoliberal Conditions","13*Devotion, Discipline, and Capital","13*Devotion, Discipline, and Capital: Rethinking Religion under Neoliberal Conditions
",,"13*Devotion, Discipline, and Capital: Rethinking Religion under Neoliberal Conditions

Tovankasame, Nicha
Prince Of Songkla University, Phuket Campus",,"13*Devotion, Discipline, and Capital: Rethinking Religion under Neoliberal Conditions
Tovankasame, Nicha
Prince Of Songkla University, Phuket Campus"
DAY 3,2026-07-03,09:15-10:45,Room C,Religious Resilience and Innovation in the Digital Age II,127,Religious Resilience and Innovation in the Digital Age II,,,Religious Resilience and Innovation in the Digital Age II,,,,,
DAY 3,2026-07-03,09:15-10:45,Room C,"15*Formation of a ""Mobile Church"" through Hybridization
Sato, Chitose
Hokkai School Of Commerce, Sapporo",128,15,"Formation of a ""Mobile Church"" through Hybridization","Formation of a ""Mobile Church"" through Hybridization - A Case Study of Contemporary Protestant Churches in China","15*Formation of a ""Mobile Church"" through Hybridization","15*Formation of a ""Mobile Church"" through Hybridization - A Case Study of Contemporary Protestant Churches in China
",,"15*Formation of a ""Mobile Church"" through Hybridization - A Case Study of Contemporary Protestant Churches in China

Sato, Chitose
Hokkai School Of Commerce, Sapporo",,"15*Formation of a ""Mobile Church"" through Hybridization - A Case Study of Contemporary Protestant Churches in China
Sato, Chitose
Hokkai School Of Commerce, Sapporo"
DAY 3,2026-07-03,09:15-10:45,Room C,"19*Redesigning the Sacred
Wang, Linan
Fudan University",129,19,Redesigning the Sacred,Redesigning the Sacred: Digital Mediation and the Crisis of Ritual Efficacy in Shanghai's Taoism,19*Redesigning the Sacred,"19*Redesigning the Sacred: Digital Mediation and the Crisis of Ritual Efficacy in Shanghai's Taoism
",,"19*Redesigning the Sacred: Digital Mediation and the Crisis of Ritual Efficacy in Shanghai's Taoism

Wang, Linan
Fudan University",,"19*Redesigning the Sacred: Digital Mediation and the Crisis of Ritual Efficacy in Shanghai's Taoism
Wang, Linan
Fudan University"
DAY 3,2026-07-03,09:15-10:45,Room C,"33*Digital Footprints and Spiritual Navigation
Liu, Chih-Lin
National Cheng Kung University (Republic Of China)",130,33,Digital Footprints and Spiritual Navigation,Digital Footprints and Spiritual Navigation: An AI-Driven Framework for Religious Resilience and Visual Narratives of Humanistic Buddhism at Fo Guang Shan in Taiwan (2005–2025),33*Digital Footprints and Spiritual Navigation,"33*Digital Footprints and Spiritual Navigation: An AI-Driven Framework for Religious Resilience and Visual Narratives of Humanistic Buddhism at Fo Guang Shan in Taiwan (2005–2025)
",,"33*Digital Footprints and Spiritual Navigation: An AI-Driven Framework for Religious Resilience and Visual Narratives of Humanistic Buddhism at Fo Guang Shan in Taiwan (2005–2025)

Liu, Chih-Lin
National Cheng Kung University (Republic Of China)",,"33*Digital Footprints and Spiritual Navigation: An AI-Driven Framework for Religious Resilience and Visual Narratives of Humanistic Buddhism at Fo Guang Shan in Taiwan (2005–2025)
Liu, Chih-Lin
National Cheng Kung University (Republic Of China)"
DAY 3,2026-07-03,09:15-10:45,Room C,"39*Digital Appeals, Women's Engagement and House Church–State Conflict in L City
Liang, Xinuo
SOAS, University Of London",131,39,"Digital Appeals, Women's Engagement and House Church–State Conflict in L City","Digital Appeals, Women's Engagement and House Church - State Conflict in L City","39*Digital Appeals, Women's Engagement and House Church–State Conflict in L City","39*Digital Appeals, Women's Engagement and House Church - State Conflict in L City
",,"39*Digital Appeals, Women's Engagement and House Church - State Conflict in L City

Liang, Xinuo
SOAS, University Of London",,"39*Digital Appeals, Women's Engagement and House Church - State Conflict in L City
Liang, Xinuo
SOAS, University Of London"
DAY 3,2026-07-03,10:45-11:00,,BREAK,132,BREAK,,,BREAK,,,,,
DAY 3,2026-07-03,11:00-12:10,Room A,Religion in Comparative Scope,133,Religion in Comparative Scope,,,Religion in Comparative Scope,,,,,
DAY 3,2026-07-03,11:00-12:10,Room A,"93*Religious Freedom Across Regimes in Asia
Brasnett, Jonathan
University Of Ottawa",134,93,Religious Freedom Across Regimes in Asia,Religious Freedom Across Regimes in Asia: Does Faith Truly Thrive in Democracy?,93*Religious Freedom Across Regimes in Asia,"93*Religious Freedom Across Regimes in Asia: Does Faith Truly Thrive in Democracy?
",,"93*Religious Freedom Across Regimes in Asia: Does Faith Truly Thrive in Democracy?

Brasnett, Jonathan
University Of Ottawa",,"93*Religious Freedom Across Regimes in Asia: Does Faith Truly Thrive in Democracy?
Brasnett, Jonathan
University Of Ottawa"
DAY 3,2026-07-03,11:00-12:10,Room A,"121*Reflections on Translation and Comparative Method
Hedges, Paul
RSiS, Nanyang Technological University",135,121,Reflections on Translation and Comparative Method,Reflections on Translation and Comparative Method: Hope as Word and Concept inChristianity and Buddhism,121*Reflections on Translation and Comparative Method,"121*Reflections on Translation and Comparative Method: Hope as Word and Concept inChristianity and Buddhism
",,"121*Reflections on Translation and Comparative Method: Hope as Word and Concept inChristianity and Buddhism

Hedges, Paul
RSiS, Nanyang Technological University",,"121*Reflections on Translation and Comparative Method: Hope as Word and Concept inChristianity and Buddhism
Hedges, Paul
RSiS, Nanyang Technological University"
DAY 3,2026-07-03,11:00-12:10,Room A,"46*Religion as a Contentious Space of Authoritarian Influence
Wang, Ray
National Chengchi University",136,46,Religion as a Contentious Space of Authoritarian Influence,Religion as a Contentious Space of Authoritarian Influence: United Front Networks and the Contestation of Civil Society in Taiwan,46*Religion as a Contentious Space of Authoritarian Influence,"46*Religion as a Contentious Space of Authoritarian Influence: United Front Networks and the Contestation of Civil Society in Taiwan
",,"46*Religion as a Contentious Space of Authoritarian Influence: United Front Networks and the Contestation of Civil Society in Taiwan

Wang, Ray
National Chengchi University",,"46*Religion as a Contentious Space of Authoritarian Influence: United Front Networks and the Contestation of Civil Society in Taiwan
Wang, Ray
National Chengchi University"
DAY 3,2026-07-03,11:00-12:10,Room B,Religions in Southeast Asia III,137,Religions in Southeast Asia III,,,Religions in Southeast Asia III,,,,,
DAY 3,2026-07-03,11:00-12:10,Room B,"119*Artificial Intelligence in Taiwanese Folk Religion
Lin, Ching-Chih
National Chengchi University",138,119,Artificial Intelligence in Taiwanese Folk Religion,Artificial Intelligence in Taiwanese Folk Religion: The Dual Dynamics of Protection and Peril at Beigang Wude Temple,119*Artificial Intelligence in Taiwanese Folk Religion,"119*Artificial Intelligence in Taiwanese Folk Religion: The Dual Dynamics of Protection and Peril at Beigang Wude Temple
",,"119*Artificial Intelligence in Taiwanese Folk Religion: The Dual Dynamics of Protection and Peril at Beigang Wude Temple

Lin, Ching-Chih
National Chengchi University",,"119*Artificial Intelligence in Taiwanese Folk Religion: The Dual Dynamics of Protection and Peril at Beigang Wude Temple
Lin, Ching-Chih
National Chengchi University"
DAY 3,2026-07-03,11:00-12:10,Room B,"7*Technologies of Capture
Tischer, Jacob
Charles University Prague",139,7,Technologies of Capture,"Technologies of Capture: Embodiment, Infection, and the Dynamics of Immersion and Documentation in Taiwanese Popular Religion",7*Technologies of Capture,"7*Technologies of Capture: Embodiment, Infection, and the Dynamics of Immersion and Documentation in Taiwanese Popular Religion
",,"7*Technologies of Capture: Embodiment, Infection, and the Dynamics of Immersion and Documentation in Taiwanese Popular Religion

Tischer, Jacob
Charles University Prague",,"7*Technologies of Capture: Embodiment, Infection, and the Dynamics of Immersion and Documentation in Taiwanese Popular Religion
Tischer, Jacob
Charles University Prague"
DAY 3,2026-07-03,11:00-12:10,Room B,"41*Buddhism's Recent Decline in East Asia
Tong, Yunping
Pew Research Center
Fahmy, Dalia
Pew Research Center",140,41,Buddhism's Recent Decline in East Asia,Buddhism's Recent Decline in East Asia,41*Buddhism's Recent Decline in East Asia,"41*Buddhism's Recent Decline in East Asia
",,"41*Buddhism's Recent Decline in East Asia

Tong, Yunping
Pew Research Center
Fahmy, Dalia
Pew Research Center",,"41*Buddhism's Recent Decline in East Asia
Tong, Yunping
Pew Research Center
Fahmy, Dalia
Pew Research Center"
DAY 3,2026-07-03,11:00-12:10,Room C,"Ritual, Festival and Religion II",141,"Ritual, Festival and Religion II",,,"Ritual, Festival and Religion II",,,,,
DAY 3,2026-07-03,11:00-12:10,Room C,"124*Emotional Resilience of Filial Piety in the East Asian Society
Zhang, Wenxu
The Chinese University Of Hong Kong",142,124,Emotional Resilience of Filial Piety in the East Asian Society,Emotional Resilience of Filial Piety in the East Asian Society: Dialogue between Science and Humanities,124*Emotional Resilience of Filial Piety in the East Asian Society,"124*Emotional Resilience of Filial Piety in the East Asian Society: Dialogue between Science and Humanities
",,"124*Emotional Resilience of Filial Piety in the East Asian Society: Dialogue between Science and Humanities

Zhang, Wenxu
The Chinese University Of Hong Kong",,"124*Emotional Resilience of Filial Piety in the East Asian Society: Dialogue between Science and Humanities
Zhang, Wenxu
The Chinese University Of Hong Kong"
DAY 3,2026-07-03,11:00-12:10,Room C,"42*The Belief of Emperor Fuyou 孚佑帝君 in Taiwan's Morality Books 
Before and After World War II
Chen, Weng-Ching
National Chengchi University",143,42,The Belief of Emperor Fuyou 孚佑帝君 in Taiwan's Morality Books ,The Belief of Emperor Fuyou 孚佑帝君 in Taiwan's Morality Books Before and After World War II : Centered on the Collection of Books by Venerable Yuanman Dezhi 圓滿德治法師,42*The Belief of Emperor Fuyou 孚佑帝君 in Taiwan's Morality Books ,"42*The Belief of Emperor Fuyou 孚佑帝君 in Taiwan's Morality Books Before and After World War II : Centered on the Collection of Books by Venerable Yuanman Dezhi 圓滿德治法師
",,"42*The Belief of Emperor Fuyou 孚佑帝君 in Taiwan's Morality Books Before and After World War II : Centered on the Collection of Books by Venerable Yuanman Dezhi 圓滿德治法師

Before and After World War II
Chen, Weng-Ching
National Chengchi University",,"42*The Belief of Emperor Fuyou 孚佑帝君 in Taiwan's Morality Books Before and After World War II : Centered on the Collection of Books by Venerable Yuanman Dezhi 圓滿德治法師
Before and After World War II
Chen, Weng-Ching
National Chengchi University"
DAY 3,2026-07-03,11:00-12:10,Room C,"35*Ritual Ontology under Algorithmic Mediation
Wu, Kijin James
Tainan Theological College And Seminary",144,35,Ritual Ontology under Algorithmic Mediation,Ritual Ontology under Algorithmic Mediation: Inter-Rituality and AI-Driven Ritual Transformation in Contemporary Taiwan,35*Ritual Ontology under Algorithmic Mediation,"35*Ritual Ontology under Algorithmic Mediation: Inter-Rituality and AI-Driven Ritual Transformation in Contemporary Taiwan
",,"35*Ritual Ontology under Algorithmic Mediation: Inter-Rituality and AI-Driven Ritual Transformation in Contemporary Taiwan

Wu, Kijin James
Tainan Theological College And Seminary",,"35*Ritual Ontology under Algorithmic Mediation: Inter-Rituality and AI-Driven Ritual Transformation in Contemporary Taiwan
Wu, Kijin James
Tainan Theological College And Seminary"
DAY 3,2026-07-03,12:10-13:30,,LUNCH,145,LUNCH,,,LUNCH,,,,,
DAY 3,2026-07-03,13:30-15:00,Room A,Digital Faith Communities,146,Digital Faith Communities,,,Digital Faith Communities,,,,,
DAY 3,2026-07-03,13:30-15:00,Room A,"59*Tenrikyo Missionary Work and The Digital Society
Horiuchi, Midori
Tenri University",147,59,Tenrikyo Missionary Work and The Digital Society,Tenrikyo Missionary Work and the Digital Society: Is Door-to-Door Missionary Work Sustainable ?,59*Tenrikyo Missionary Work and The Digital Society,"59*Tenrikyo Missionary Work and the Digital Society: Is Door-to-Door Missionary Work Sustainable ?
",,"59*Tenrikyo Missionary Work and the Digital Society: Is Door-to-Door Missionary Work Sustainable ?

Horiuchi, Midori
Tenri University",,"59*Tenrikyo Missionary Work and the Digital Society: Is Door-to-Door Missionary Work Sustainable ?
Horiuchi, Midori
Tenri University"
DAY 3,2026-07-03,13:30-15:00,Room A,"114*Transmission of Vernacular Ritual Traditions in the Digital Age
Sun, Jiayue
The University Of Hong Kong",148,114,Transmission of Vernacular Ritual Traditions in the Digital Age,Transmission of Vernacular Ritual Traditions in the Digital Age: A Preliminary Study,114*Transmission of Vernacular Ritual Traditions in the Digital Age,"114*Transmission of Vernacular Ritual Traditions in the Digital Age: A Preliminary Study
",,"114*Transmission of Vernacular Ritual Traditions in the Digital Age: A Preliminary Study

Sun, Jiayue
The University Of Hong Kong",,"114*Transmission of Vernacular Ritual Traditions in the Digital Age: A Preliminary Study
Sun, Jiayue
The University Of Hong Kong"
DAY 3,2026-07-03,13:30-15:00,Room A,"74*Research on the Religious Experience by VR Virtual Reality Technology
Wang, Chao
Shaanxi Normal University",149,74,Research on the Religious Experience by VR Virtual Reality Technology,Research on the Religious Experience by VR Virtual Reality Technology,74*Research on the Religious Experience by VR Virtual Reality Technology,"74*Research on the Religious Experience by VR Virtual Reality Technology
",,"74*Research on the Religious Experience by VR Virtual Reality Technology

Wang, Chao
Shaanxi Normal University",,"74*Research on the Religious Experience by VR Virtual Reality Technology
Wang, Chao
Shaanxi Normal University"
DAY 3,2026-07-03,13:30-15:00,Room A,"105*Transnational Chinese Christians and Digital Placemaking 
in the Mediterranean Region
Cao, Nanlai
City University Of Hong Kong",150,105,Transnational Chinese Christians and Digital Placemaking ,Transnational Chinese Christians and Digital Placemaking in the Mediterranean Region,105*Transnational Chinese Christians and Digital Placemaking ,"105*Transnational Chinese Christians and Digital Placemaking in the Mediterranean Region
",,"105*Transnational Chinese Christians and Digital Placemaking in the Mediterranean Region

in the Mediterranean Region
Cao, Nanlai
City University Of Hong Kong",,"105*Transnational Chinese Christians and Digital Placemaking in the Mediterranean Region
in the Mediterranean Region
Cao, Nanlai
City University Of Hong Kong"
DAY 3,2026-07-03,13:30-15:00,Room B,Religion in Social Media,151,Religion in Social Media,,,Religion in Social Media,,,,,
DAY 3,2026-07-03,13:30-15:00,Room B,"48*Bandwagon Pilgrimage
Lyu, Zhongwang
Hong Kong Shue Yan University",152,48,Bandwagon Pilgrimage,Bandwagon Pilgrimage: Imitative Rituals on Social Media - A Case Study of the Communication of Black Myth: Wukong,48*Bandwagon Pilgrimage,"48*Bandwagon Pilgrimage: Imitative Rituals on Social Media - A Case Study of the Communication of Black Myth: Wukong
",,"48*Bandwagon Pilgrimage: Imitative Rituals on Social Media - A Case Study of the Communication of Black Myth: Wukong

Lyu, Zhongwang
Hong Kong Shue Yan University",,"48*Bandwagon Pilgrimage: Imitative Rituals on Social Media - A Case Study of the Communication of Black Myth: Wukong
Lyu, Zhongwang
Hong Kong Shue Yan University"
DAY 3,2026-07-03,13:30-15:00,Room B,"97*Platformed Cross-Reading
Ma, Nan
Jinan University (Guangzhou, China)",153,97,Platformed Cross-Reading,Platformed Cross-Reading: Marian - Guanyin Functional Equivalence in Social Media Contexts,97*Platformed Cross-Reading,"97*Platformed Cross-Reading: Marian - Guanyin Functional Equivalence in Social Media Contexts
",,"97*Platformed Cross-Reading: Marian - Guanyin Functional Equivalence in Social Media Contexts

Ma, Nan
Jinan University (Guangzhou, China)",,"97*Platformed Cross-Reading: Marian - Guanyin Functional Equivalence in Social Media Contexts
Ma, Nan
Jinan University (Guangzhou, China)"
DAY 3,2026-07-03,13:30-15:00,Room B,"123*Rednote (Xiao Hong Shu 小紅書) as Method
Shmushko, Kai
University Of Amsterdam",154,123,Rednote (Xiao Hong Shu 小紅書) as Method,Rednote (Xiao hong shu 小紅書) as Method: Theorizing Religious Repertoires in Global Chinese Sphere,123*Rednote (Xiao Hong Shu 小紅書) as Method,"123*Rednote (Xiao hong shu 小紅書) as Method: Theorizing Religious Repertoires in Global Chinese Sphere
",,"123*Rednote (Xiao hong shu 小紅書) as Method: Theorizing Religious Repertoires in Global Chinese Sphere

Shmushko, Kai
University Of Amsterdam",,"123*Rednote (Xiao hong shu 小紅書) as Method: Theorizing Religious Repertoires in Global Chinese Sphere
Shmushko, Kai
University Of Amsterdam"
DAY 3,2026-07-03,13:30-15:00,Room B,"53*Translation Edit Rates (TER) of Current LLMs for the Chinese to English Translation 
of the Fo Guang Dictionary of Buddhism
Shih, Zhi Yue
Fo Guang Shan Institute Of Humanistic Buddhism",155,53,Translation Edit Rates (TER) of Current LLMs for the Chinese to English Translation ,Translation Edit Rates (TER) of Current LLMs for the Chinese to English Translation of the Fo Guang Dictionary of Buddhism: Correlations with Taishō Canon Mapping,53*Translation Edit Rates (TER) of Current LLMs for the Chinese to English Translation ,"53*Translation Edit Rates (TER) of Current LLMs for the Chinese to English Translation of the Fo Guang Dictionary of Buddhism: Correlations with Taishō Canon Mapping
",,"53*Translation Edit Rates (TER) of Current LLMs for the Chinese to English Translation of the Fo Guang Dictionary of Buddhism: Correlations with Taishō Canon Mapping

of the Fo Guang Dictionary of Buddhism
Shih, Zhi Yue
Fo Guang Shan Institute Of Humanistic Buddhism",,"53*Translation Edit Rates (TER) of Current LLMs for the Chinese to English Translation of the Fo Guang Dictionary of Buddhism: Correlations with Taishō Canon Mapping
of the Fo Guang Dictionary of Buddhism
Shih, Zhi Yue
Fo Guang Shan Institute Of Humanistic Buddhism"
DAY 3,2026-07-03,13:30-15:00,Room C,Religious Liberty Issues in East Asia,156,Religious Liberty Issues in East Asia,,,Religious Liberty Issues in East Asia,,,,,
DAY 3,2026-07-03,13:30-15:00,Room C,"31*Religious Freedom and Institutional Path Dependency
Wu, Chih-Chung
Independent Scholar, Taipei, Taiwan",157,31,Religious Freedom and Institutional Path Dependency,Religious Freedom and Institutional Path Dependency: Rethinking the Tai Ji Men Tax Controversy in Taiwan,31*Religious Freedom and Institutional Path Dependency,"31*Religious Freedom and Institutional Path Dependency: Rethinking the Tai Ji Men Tax Controversy in Taiwan
",,"31*Religious Freedom and Institutional Path Dependency: Rethinking the Tai Ji Men Tax Controversy in Taiwan

Wu, Chih-Chung
Independent Scholar, Taipei, Taiwan",,"31*Religious Freedom and Institutional Path Dependency: Rethinking the Tai Ji Men Tax Controversy in Taiwan
Wu, Chih-Chung
Independent Scholar, Taipei, Taiwan"
DAY 3,2026-07-03,13:30-15:00,Room C,"29*Human Rights, Religious Liberty, and the Limits of Legal Reform
Lee, Rowena
Independent Scholar, Taipei, Taiwan",158,29,"Human Rights, Religious Liberty, and the Limits of Legal Reform","Human Rights, Religious Liberty, and the Limits of Legal Reform: Lessons from Contemporary Taiwanese Cases","29*Human Rights, Religious Liberty, and the Limits of Legal Reform","29*Human Rights, Religious Liberty, and the Limits of Legal Reform: Lessons from Contemporary Taiwanese Cases
",,"29*Human Rights, Religious Liberty, and the Limits of Legal Reform: Lessons from Contemporary Taiwanese Cases

Lee, Rowena
Independent Scholar, Taipei, Taiwan",,"29*Human Rights, Religious Liberty, and the Limits of Legal Reform: Lessons from Contemporary Taiwanese Cases
Lee, Rowena
Independent Scholar, Taipei, Taiwan"
DAY 3,2026-07-03,13:30-15:00,Room C,"30*Religious Gifts, Transitional Justice, and Incentive Structures
Wen, Shang-Bin
Tai Ji Men Qigong Academy",159,30,"Religious Gifts, Transitional Justice, and Incentive Structures","Religious Gifts, Transitional Justice, and Incentive Structures: A Three-Dimensional Analysis of Taiwan's Tai Ji Men Case","30*Religious Gifts, Transitional Justice, and Incentive Structures","30*Religious Gifts, Transitional Justice, and Incentive Structures: A Three-Dimensional Analysis of Taiwan's Tai Ji Men Case
",,"30*Religious Gifts, Transitional Justice, and Incentive Structures: A Three-Dimensional Analysis of Taiwan's Tai Ji Men Case

Wen, Shang-Bin
Tai Ji Men Qigong Academy",,"30*Religious Gifts, Transitional Justice, and Incentive Structures: A Three-Dimensional Analysis of Taiwan's Tai Ji Men Case
Wen, Shang-Bin
Tai Ji Men Qigong Academy"
DAY 3,2026-07-03,13:30-15:00,Room C,"112*Cult Controversies in Asia
Introvigne, Massimo
CESNUR (Center For Studies On New Religions)
Respinti, Marco
The Journal of CESNUR, Milan, Italy",160,112,Cult Controversies in Asia,"""Cult"" Controversies in Asia: Democratic Neutrality, Delegitimization and the Erosion of Religious Liberty",112*Cult Controversies in Asia,"112*""Cult"" Controversies in Asia: Democratic Neutrality, Delegitimization and the Erosion of Religious Liberty
",,"112*""Cult"" Controversies in Asia: Democratic Neutrality, Delegitimization and the Erosion of Religious Liberty

Introvigne, Massimo
CESNUR (Center For Studies On New Religions)
Respinti, Marco
The Journal of CESNUR, Milan, Italy",,"112*""Cult"" Controversies in Asia: Democratic Neutrality, Delegitimization and the Erosion of Religious Liberty
Introvigne, Massimo
CESNUR (Center For Studies On New Religions)
Respinti, Marco
The Journal of CESNUR, Milan, Italy"
DAY 3,2026-07-03,15:00-15:20,,BREAK,161,BREAK,,,BREAK,,,,,
DAY 3,2026-07-03,15:20-16:30,,Plenary Meeting,162,Plenary Meeting,,,Plenary Meeting,,,,,
DAY 3,2026-07-03,16:30-16:45,,BREAK,163,BREAK,,,BREAK,,,,,
DAY 3,2026-07-03,16:45-18:10,,Tour,164,Tour,,,Tour,,,,,
DAY 3,2026-07-03,18:10-20:20,,Farewell Diner,165,Farewell Diner,,,Farewell Diner,,,,,
DAY 4,2026-07-04,09:15-12:00,,TOUR (Morning),166,TOUR (Morning),,,TOUR (Morning),,,,,
DAY 4,2026-07-04,12:00-13:30,,Experiencing the Formal Meal Offering in the Monastery,167,Experiencing the Formal Meal Offering in the Monastery,,,Experiencing the Formal Meal Offering in the Monastery,,,,,
DAY 4,2026-07-04,13:30-16:30,,TOUR (Afternoon),168,TOUR (Afternoon),,,TOUR (Afternoon),,,,,
DAY 4,2026-07-04,13:30-16:30,,DEPARTURE,169,DEPARTURE,,,DEPARTURE,,,,,
